frame, face_id, timestamp, confidence, success, pose_Tx, pose_Ty, pose_Tz, pose_Rx, pose_Ry, pose_Rz, x_0, x_1, x_2, x_3, x_4, x_5, x_6, x_7, x_8, x_9, x_10, x_11, x_12, x_13, x_14, x_15, x_16, x_17, x_18, x_19, x_20, x_21, x_22, x_23, x_24, x_25, x_26, x_27, x_28, x_29, x_30, x_31, x_32, x_33, x_34, x_35, x_36, x_37, x_38, x_39, x_40, x_41, x_42, x_43, x_44, x_45, x_46, x_47, x_48, x_49, x_50, x_51, x_52, x_53, x_54, x_55, x_56, x_57, x_58, x_59, x_60, x_61, x_62, x_63, x_64, x_65, x_66, x_67, y_0, y_1, y_2, y_3, y_4, y_5, y_6, y_7, y_8, y_9, y_10, y_11, y_12, y_13, y_14, y_15, y_16, y_17, y_18, y_19, y_20, y_21, y_22, y_23, y_24, y_25, y_26, y_27, y_28, y_29, y_30, y_31, y_32, y_33, y_34, y_35, y_36, y_37, y_38, y_39, y_40, y_41, y_42, y_43, y_44, y_45, y_46, y_47, y_48, y_49, y_50, y_51, y_52, y_53, y_54, y_55, y_56, y_57, y_58, y_59, y_60, y_61, y_62, y_63, y_64, y_65, y_66, y_67, X_0, X_1, X_2, X_3, X_4, X_5, X_6, X_7, X_8, X_9, X_10, X_11, X_12, X_13, X_14, X_15, X_16, X_17, X_18, X_19, X_20, X_21, X_22, X_23, X_24, X_25, X_26, X_27, X_28, X_29, X_30, X_31, X_32, X_33, X_34, X_35, X_36, X_37, X_38, X_39, X_40, X_41, X_42, X_43, X_44, X_45, X_46, X_47, X_48, X_49, X_50, X_51, X_52, X_53, X_54, X_55, X_56, X_57, X_58, X_59, X_60, X_61, X_62, X_63, X_64, X_65, X_66, X_67, Y_0, Y_1, Y_2, Y_3, Y_4, Y_5, Y_6, Y_7, Y_8, Y_9, Y_10, Y_11, Y_12, Y_13, Y_14, Y_15, Y_16, Y_17, Y_18, Y_19, Y_20, Y_21, Y_22, Y_23, Y_24, Y_25, Y_26, Y_27, Y_28, Y_29, Y_30, Y_31, Y_32, Y_33, Y_34, Y_35, Y_36, Y_37, Y_38, Y_39, Y_40, Y_41, Y_42, Y_43, Y_44, Y_45, Y_46, Y_47, Y_48, Y_49, Y_50, Y_51, Y_52, Y_53, Y_54, Y_55, Y_56, Y_57, Y_58, Y_59, Y_60, Y_61, Y_62, Y_63, Y_64, Y_65, Y_66, Y_67, Z_0, Z_1, Z_2, Z_3, Z_4, Z_5, Z_6, Z_7, Z_8, Z_9, Z_10, Z_11, Z_12, Z_13, Z_14, Z_15, Z_16, Z_17, Z_18, Z_19, Z_20, Z_21, Z_22, Z_23, Z_24, Z_25, Z_26, Z_27, Z_28, Z_29, Z_30, Z_31, Z_32, Z_33, Z_34, Z_35, Z_36, Z_37, Z_38, Z_39, Z_40, Z_41, Z_42, Z_43, Z_44, Z_45, Z_46, Z_47, Z_48, Z_49, Z_50, Z_51, Z_52, Z_53, Z_54, Z_55, Z_56, Z_57, Z_58, Z_59, Z_60, Z_61, Z_62, Z_63, Z_64, Z_65, Z_66, Z_67, AU01_r, AU02_r, AU04_r, AU05_r, AU06_r, AU07_r, AU09_r, AU10_r, AU12_r, AU14_r, AU15_r, AU17_r, AU20_r, AU23_r, AU25_r, AU26_r, AU45_r, AU01_c, AU02_c, AU04_c, AU05_c, AU06_c, AU07_c, AU09_c, AU10_c, AU12_c, AU14_c, AU15_c, AU17_c, AU20_c, AU23_c, AU25_c, AU26_c, AU28_c, AU45_c
1,  0,  0.000,  0.98,  1,  10.7,  -21.6,  378.8,  -0.044,  0.072,  -0.017,  244.6,  246.4,  249.5,  253.3,  260.9,  274.3,  291.4,  312.7,  337.9,  362.9,  384.6,  402.4,  414.3,  419.8,  421.8,  423.7,  424.6,  255.6,  264.6,  281.2,  299.6,  317.2,  347.7,  365.9,  384.2,  400.9,  410.6,  333.5,  333.3,  333.2,  333.2,  314.9,  324.6,  333.9,  343.7,  352.5,  276.1,  285.6,  297.6,  308.0,  297.6,  285.6,  357.7,  368.4,  380.6,  390.3,  381.2,  369.4,  298.1,  311.6,  324.2,  333.8,  344.2,  357.9,  371.4,  358.1,  345.0,  333.8,  323.7,  311.2,  303.6,  324.4,  334.1,  344.8,  365.4,  344.4,  333.7,  324.0,  173.0,  198.2,  222.8,  246.6,  267.7,  285.3,  298.2,  307.3,  309.3,  306.2,  296.1,  282.1,  263.6,  241.4,  218.3,  195.3,  172.4,  152.9,  136.6,  128.0,  127.1,  131.9,  131.2,  126.0,  126.7,  133.8,  148.3,  156.5,  169.9,  183.1,  197.2,  216.0,  218.1,  220.0,  217.7,  215.0,  167.2,  160.3,  159.7,  165.9,  169.2,  170.1,  165.0,  158.4,  158.9,  165.1,  168.2,  168.1,  252.8,  244.2,  240.3,  242.4,  240.0,  243.9,  251.0,  257.3,  259.5,  260.4,  260.1,  258.4,  252.3,  248.9,  249.5,  248.3,  250.8,  248.6,  249.7,  249.3,  -66.9,  -65.1,  -62.2,  -58.3,  -50.7,  -38.1,  -23.0,  -5.6,  13.6,  33.2,  51.9,  68.1,  79.1,  84.1,  85.9,  87.8,  89.4,  -53.0,  -44.8,  -30.8,  -15.8,  -2.1,  21.0,  35.3,  50.2,  64.0,  72.8,  10.2,  9.9,  9.6,  9.4,  -3.8,  3.4,  10.2,  17.4,  24.0,  -34.9,  -27.1,  -17.6,  -9.4,  -17.6,  -27.0,  29.4,  37.9,  47.5,  55.5,  47.8,  38.5,  -16.7,  -6.2,  3.0,  10.1,  17.7,  28.0,  39.2,  28.1,  18.1,  10.0,  2.7,  -6.5,  -12.5,  3.2,  10.3,  18.2,  34.3,  17.7,  9.9,  2.9,  -59.5,  -37.0,  -15.1,  5.8,  23.8,  37.8,  46.7,  51.7,  52.6,  51.2,  45.1,  34.8,  19.8,  1.2,  -18.3,  -37.8,  -57.8,  -71.7,  -83.7,  -88.7,  -87.4,  -82.3,  -82.6,  -87.7,  -88.5,  -84.1,  -73.7,  -63.3,  -52.0,  -41.2,  -30.3,  -17.8,  -16.1,  -14.6,  -16.4,  -18.4,  -58.0,  -62.9,  -63.1,  -58.0,  -55.4,  -55.0,  -58.5,  -63.8,  -63.5,  -59.1,  -56.1,  -56.1,  9.8,  3.1,  0.2,  1.7,  -0.0,  2.9,  8.4,  12.8,  14.1,  14.7,  14.5,  13.6,  9.3,  6.5,  6.9,  6.0,  8.2,  6.3,  7.0,  6.8,  443.9,  442.3,  440.8,  437.4,  429.1,  417.3,  401.6,  384.6,  379.6,  386.8,  401.9,  413.7,  419.5,  421.2,  421.8,  423.3,  427.2,  411.3,  404.5,  395.9,  387.1,  380.4,  379.8,  384.6,  390.6,  395.9,  402.0,  378.8,  370.5,  362.1,  354.0,  371.4,  368.2,  364.9,  366.3,  368.5,  398.0,  394.6,  392.7,  391.6,  391.4,  393.3,  390.1,  391.0,  391.7,  394.4,  390.5,  389.8,  382.2,  370.2,  365.2,  364.1,  364.7,  370.2,  381.4,  368.6,  361.4,  360.0,  361.3,  368.4,  379.6,  365.9,  365.0,  365.8,  377.9,  364.0,  362.5,  364.1, 0.00, 0.00, 0.46, 0.00, 0.00, 0.00, 0.35, 0.00, 0.00, 0.00, 0.11, 0.38, 0.15, 0.23, 0.00, 0.00, 0.19, 0.00, 0.00, 0.00, 0.00, 0.00, 0.00, 1.00, 0.00, 0.00, 0.00, 0.00, 1.00, 0.00, 0.00, 0.00, 0.00, 0.00, 1.00
2,  0,  0.033,  0.98,  1,  10.6,  -21.3,  374.0,  -0.043,  0.076,  -0.019,  244.6,  246.1,  249.1,  253.2,  260.9,  274.5,  291.7,  313.1,  338.5,  363.7,  385.4,  403.1,  414.9,  420.3,  422.2,  424.2,  425.3,  255.6,  264.4,  280.8,  299.4,  317.2,  347.9,  366.3,  385.0,  401.7,  411.1,  333.4,  333.2,  333.0,  333.0,  315.0,  324.6,  333.9,  343.7,  352.5,  275.6,  285.2,  297.5,  308.2,  297.5,  285.2,  357.6,  368.7,  381.3,  391.3,  382.1,  369.8,  297.9,  311.5,  323.9,  333.7,  344.1,  357.9,  371.8,  358.1,  344.8,  333.6,  323.5,  311.1,  303.3,  324.2,  334.0,  344.7,  365.7,  344.1,  333.5,  323.7,  172.7,  198.3,  223.3,  247.6,  268.6,  286.1,  298.5,  307.4,  309.4,  306.5,  296.9,  283.0,  264.3,  241.9,  218.7,  195.3,  172.1,  151.4,  134.3,  124.8,  123.4,  128.0,  126.7,  121.2,  122.4,  130.5,  146.0,  155.6,  169.6,  183.3,  197.8,  217.3,  219.4,  221.3,  218.9,  216.4,  167.8,  160.5,  160.0,  166.4,  170.1,  171.0,  165.2,  158.2,  158.6,  165.1,  168.6,  168.6,  253.8,  245.6,  241.6,  243.8,  241.3,  245.2,  252.0,  258.6,  260.8,  261.7,  261.3,  259.6,  253.4,  250.5,  251.1,  249.8,  251.9,  250.0,  250.9,  250.5,  -66.2,  -64.6,  -61.7,  -57.7,  -50.1,  -37.5,  -22.4,  -5.2,  13.9,  33.4,  52.0,  68.0,  78.6,  83.4,  85.2,  87.3,  89.1,  -52.4,  -44.5,  -30.7,  -15.8,  -2.1,  20.9,  35.1,  50.0,  63.8,  72.2,  10.1,  9.7,  9.3,  9.1,  -3.7,  3.4,  10.0,  17.1,  23.7,  -34.9,  -27.2,  -17.4,  -9.1,  -17.4,  -27.0,  28.9,  37.5,  47.3,  55.4,  47.8,  38.3,  -16.7,  -6.2,  2.8,  9.8,  17.3,  27.7,  39.0,  27.7,  17.7,  9.7,  2.5,  -6.5,  -12.5,  3.0,  10.1,  17.8,  34.0,  17.3,  9.6,  2.6,  -59.1,  -36.4,  -14.5,  6.5,  24.2,  38.0,  46.4,  51.2,  52.1,  50.9,  45.2,  35.2,  20.1,  1.6,  -17.8,  -37.4,  -57.5,  -72.1,  -84.8,  -90.3,  -89.2,  -84.1,  -84.7,  -90.0,  -90.5,  -85.5,  -74.5,  -63.2,  -51.6,  -40.5,  -29.5,  -16.7,  -15.0,  -13.5,  -15.2,  -17.2,  -56.8,  -62.0,  -62.1,  -56.9,  -54.0,  -53.6,  -57.5,  -63.1,  -62.9,  -58.2,  -54.9,  -54.8,  10.4,  4.1,  1.2,  2.7,  0.9,  3.8,  9.0,  13.5,  14.8,  15.4,  15.2,  14.3,  10.0,  7.5,  8.0,  7.1,  8.8,  7.2,  7.8,  7.6,  438.7,  436.7,  435.0,  431.5,  423.6,  411.9,  396.2,  379.8,  375.5,  382.8,  397.6,  408.9,  413.9,  415.7,  416.7,  418.7,  422.9,  407.0,  400.8,  391.9,  382.5,  375.4,  373.9,  378.5,  385.0,  390.4,  396.3,  374.4,  366.2,  357.6,  349.6,  366.7,  363.8,  360.5,  361.9,  364.0,  393.7,  389.9,  387.8,  386.4,  386.7,  388.6,  384.3,  385.3,  385.9,  388.7,  384.7,  384.1,  377.1,  365.4,  360.3,  359.2,  359.7,  365.0,  376.0,  363.2,  356.2,  354.8,  356.1,  363.3,  374.5,  361.1,  360.2,  360.9,  372.4,  359.0,  357.6,  359.1, 0.00, 0.00, 0.34, 0.00, 0.00, 0.00, 0.15, 0.00, 0.00, 0.00, 0.05, 0.24, 0.16, 0.11, 0.00, 0.03, 0.33, 0.00, 0.00, 0.00, 1.00, 0.00, 0.00, 1.00, 0.00, 0.00, 0.00, 0.00, 0.00, 0.00, 0.00, 0.00, 0.00, 0.00, 1.00
3,  0,  0.067,  0.98,  1,  10.6,  -20.7,  368.9,  -0.042,  0.076,  -0.019,  244.3,  245.7,  248.9,  253.2,  261.0,  274.5,  291.6,  313.0,  338.4,  363.4,  385.3,  403.4,  415.3,  420.8,  422.8,  425.0,  426.2,  254.5,  263.3,  279.6,  298.1,  315.8,  349.1,  367.3,  386.0,  402.5,  411.9,  333.5,  333.3,  333.2,  333.1,  315.3,  325.0,  334.2,  343.9,  352.7,  274.9,  284.6,  297.4,  308.3,  297.4,  284.6,  357.7,  368.9,  382.1,  392.3,  383.1,  370.3,  298.1,  311.9,  324.2,  334.0,  344.3,  358.2,  372.1,  358.4,  345.1,  334.0,  323.9,  311.3,  303.6,  324.5,  334.4,  345.0,  365.9,  344.4,  333.9,  324.0,  172.4,  198.5,  223.9,  248.6,  269.9,  287.4,  300.0,  309.0,  311.1,  308.4,  298.7,  284.8,  265.9,  243.1,  219.6,  196.0,  172.4,  147.8,  130.5,  121.0,  119.6,  124.6,  123.2,  117.2,  118.4,  126.5,  142.1,  155.3,  169.8,  183.9,  198.8,  218.9,  221.0,  222.9,  220.5,  218.0,  167.9,  160.2,  159.8,  166.7,  170.8,  171.7,  165.5,  158.0,  158.2,  165.1,  169.1,  169.3,  255.6,  247.4,  243.2,  245.4,  242.9,  246.9,  253.5,  260.4,  262.8,  263.7,  263.4,  261.5,  255.1,  252.5,  253.1,  251.8,  253.4,  251.9,  252.8,  252.4,  -65.4,  -63.8,  -60.8,  -56.7,  -49.2,  -36.9,  -22.2,  -5.3,  13.6,  32.8,  51.1,  67.2,  77.6,  82.4,  84.4,  86.6,  88.5,  -52.6,  -44.8,  -31.2,  -16.5,  -3.1,  21.4,  35.2,  50.0,  63.5,  71.8,  10.0,  9.6,  9.3,  9.0,  -3.4,  3.6,  10.1,  17.0,  23.5,  -35.0,  -27.2,  -17.2,  -8.9,  -17.2,  -27.2,  28.5,  37.2,  47.2,  55.4,  47.8,  38.0,  -16.3,  -5.9,  3.0,  9.9,  17.2,  27.5,  38.6,  27.5,  17.6,  9.8,  2.7,  -6.2,  -12.1,  3.2,  10.2,  17.8,  33.7,  17.3,  9.8,  2.8,  -58.3,  -35.6,  -13.7,  7.3,  24.9,  38.5,  46.9,  51.8,  52.7,  51.6,  46.0,  36.1,  21.1,  2.6,  -16.7,  -36.3,  -56.3,  -74.0,  -86.6,  -91.9,  -90.7,  -85.3,  -85.8,  -91.4,  -92.1,  -87.3,  -76.5,  -62.6,  -50.7,  -39.6,  -28.4,  -15.3,  -13.7,  -12.2,  -13.9,  -15.8,  -56.0,  -61.3,  -61.3,  -55.8,  -52.7,  -52.4,  -56.4,  -62.3,  -62.2,  -57.4,  -53.7,  -53.5,  11.6,  5.3,  2.3,  3.9,  2.1,  4.9,  10.0,  14.6,  16.0,  16.6,  16.4,  15.4,  11.1,  8.9,  9.3,  8.4,  9.9,  8.4,  9.0,  8.8,  431.8,  429.7,  427.9,  424.6,  417.0,  405.6,  390.7,  375.0,  370.6,  377.5,  391.8,  402.9,  407.4,  408.9,  410.1,  412.3,  416.6,  401.2,  395.4,  386.3,  376.7,  369.7,  367.1,  372.0,  378.7,  384.7,  390.8,  369.4,  361.3,  353.0,  345.0,  361.9,  359.2,  356.0,  357.2,  359.3,  388.5,  384.4,  382.0,  380.7,  381.1,  383.2,  378.4,  379.6,  380.2,  383.4,  379.0,  378.3,  371.5,  360.1,  355.2,  354.1,  354.5,  359.5,  370.5,  357.7,  351.0,  349.7,  350.9,  357.7,  368.7,  356.1,  355.2,  355.7,  366.8,  353.9,  352.5,  354.0, 0.00, 0.00, 0.25, 0.00, 0.00, 0.00, 0.03, 0.00, 0.00, 0.00, 0.01, 0.12, 0.11, 0.04, 0.03, 0.07, 0.38, 0.00, 0.00, 0.00, 1.00, 0.00, 0.00, 0.00, 0.00, 0.00, 0.00, 0.00, 0.00, 0.00, 0.00, 0.00, 0.00, 0.00, 1.00
4,  0,  0.100,  0.98,  1,  10.7,  -19.8,  366.4,  -0.035,  0.078,  -0.018,  244.2,  245.5,  248.7,  253.2,  261.1,  274.6,  291.6,  313.1,  338.5,  363.7,  385.7,  403.9,  415.8,  421.3,  423.5,  425.7,  427.0,  254.4,  263.5,  279.7,  298.1,  315.6,  349.8,  367.9,  386.5,  403.0,  412.4,  333.8,  333.5,  333.4,  333.3,  315.6,  325.3,  334.5,  344.1,  353.0,  275.0,  284.7,  297.7,  308.6,  297.6,  284.6,  358.0,  369.3,  382.5,  392.8,  383.6,  370.6,  298.3,  312.1,  324.4,  334.3,  344.6,  358.5,  372.5,  358.8,  345.4,  334.3,  324.1,  311.5,  303.8,  324.8,  334.7,  345.3,  366.2,  344.7,  334.1,  324.2,  172.4,  198.8,  224.5,  249.6,  271.1,  288.8,  301.5,  310.7,  312.8,  310.2,  300.3,  286.3,  267.3,  244.3,  220.6,  196.6,  172.8,  146.1,  129.0,  119.8,  118.7,  124.1,  122.6,  116.4,  117.4,  125.3,  140.8,  155.8,  170.6,  185.1,  200.2,  220.4,  222.5,  224.4,  222.1,  219.5,  168.1,  160.4,  160.0,  167.2,  171.3,  172.1,  166.1,  158.4,  158.6,  165.6,  169.7,  169.9,  257.3,  249.2,  245.1,  247.3,  244.8,  248.7,  255.3,  262.4,  264.9,  265.8,  265.5,  263.5,  256.9,  254.5,  255.1,  253.8,  255.3,  253.8,  254.8,  254.3,  -64.9,  -63.5,  -60.5,  -56.3,  -48.8,  -36.5,  -22.0,  -5.2,  13.7,  32.7,  51.1,  67.1,  77.4,  82.1,  84.1,  86.3,  88.2,  -52.1,  -44.3,  -30.9,  -16.3,  -3.2,  21.6,  35.3,  49.9,  63.2,  71.6,  10.1,  9.7,  9.4,  9.1,  -3.2,  3.8,  10.2,  17.1,  23.5,  -34.7,  -26.9,  -16.9,  -8.6,  -17.0,  -26.9,  28.5,  37.1,  47.1,  55.4,  47.8,  38.0,  -16.0,  -5.7,  3.1,  10.1,  17.3,  27.5,  38.6,  27.5,  17.7,  9.9,  2.8,  -6.0,  -11.9,  3.4,  10.4,  17.9,  33.6,  17.4,  9.9,  2.9,  -57.9,  -35.1,  -13.1,  8.1,  25.7,  39.3,  47.7,  52.7,  53.6,  52.6,  46.9,  37.1,  22.0,  3.5,  -15.8,  -35.4,  -55.4,  -74.7,  -87.0,  -92.0,  -90.5,  -84.9,  -85.3,  -91.0,  -91.9,  -87.4,  -76.8,  -61.7,  -49.8,  -38.5,  -27.3,  -14.1,  -12.5,  -11.0,  -12.7,  -14.6,  -55.4,  -60.7,  -60.6,  -55.0,  -51.9,  -51.6,  -55.5,  -61.4,  -61.3,  -56.6,  -52.8,  -52.5,  12.8,  6.6,  3.6,  5.1,  3.4,  6.2,  11.3,  15.9,  17.4,  17.9,  17.8,  16.7,  12.4,  10.3,  10.7,  9.7,  11.2,  9.7,  10.3,  10.1,  428.1,  426.3,  424.7,  421.8,  414.2,  402.8,  387.9,  372.5,  368.1,  374.8,  389.0,  400.0,  404.2,  405.3,  406.3,  408.3,  412.3,  397.5,  391.8,  382.8,  373.2,  366.3,  363.3,  368.1,  374.9,  381.0,  387.1,  366.5,  358.6,  350.4,  342.7,  359.5,  356.8,  353.8,  354.8,  357.0,  385.5,  381.2,  378.8,  377.6,  378.1,  380.1,  375.1,  376.3,  376.8,  380.1,  375.7,  375.0,  368.9,  357.6,  352.8,  351.7,  352.1,  357.0,  367.8,  355.2,  348.7,  347.4,  348.6,  355.2,  366.1,  353.8,  352.8,  353.3,  364.1,  351.6,  350.2,  351.6, 0.00, 0.00, 0.25, 0.00, 0.00, 0.00, 0.00, 0.00, 0.00, 0.00, 0.00, 0.07, 0.05, 0.00, 0.09, 0.12, 0.30, 0.00, 0.00, 0.00, 1.00, 0.00, 0.00, 0.00, 0.00, 0.00, 0.00, 0.00, 0.00, 0.00, 0.00, 0.00, 0.00, 0.00, 0.00
5,  0,  0.133,  0.98,  1,  10.9,  -18.9,  363.1,  -0.026,  0.078,  -0.018,  244.0,  245.3,  248.6,  253.2,  261.1,  274.8,  292.0,  313.8,  339.5,  364.6,  386.6,  404.7,  416.6,  422.1,  424.4,  426.7,  428.0,  254.2,  263.3,  279.4,  297.9,  315.4,  350.8,  368.9,  387.4,  403.8,  413.3,  334.3,  334.0,  333.9,  333.8,  316.0,  325.8,  335.1,  344.8,  353.7,  274.9,  284.6,  297.8,  308.9,  297.7,  284.5,  358.6,  370.0,  383.5,  393.9,  384.6,  371.5,  298.5,  312.4,  324.9,  334.9,  345.1,  359.2,  373.3,  359.4,  346.0,  334.8,  324.6,  311.9,  304.1,  325.3,  335.2,  345.8,  366.9,  345.3,  334.7,  324.7,  172.4,  199.0,  224.8,  250.1,  271.9,  290.1,  303.3,  312.8,  314.9,  312.0,  301.8,  287.6,  268.5,  245.5,  221.7,  197.7,  173.7,  145.5,  128.4,  119.3,  118.3,  123.8,  122.4,  116.1,  117.0,  124.9,  140.2,  156.4,  171.6,  186.4,  201.9,  222.1,  224.3,  226.2,  223.8,  221.1,  168.5,  160.6,  160.3,  167.8,  172.0,  172.8,  166.8,  158.9,  159.0,  166.2,  170.5,  170.7,  259.0,  251.1,  247.0,  249.3,  246.7,  250.6,  257.0,  264.4,  266.9,  267.8,  267.5,  265.4,  258.6,  256.5,  257.2,  255.8,  257.1,  255.7,  256.7,  256.3,  -64.5,  -63.1,  -60.1,  -55.9,  -48.4,  -36.1,  -21.5,  -4.6,  14.2,  33.2,  51.4,  67.3,  77.4,  82.1,  84.1,  86.3,  88.2,  -51.7,  -44.0,  -30.7,  -16.3,  -3.3,  22.1,  35.6,  50.0,  63.2,  71.5,  10.3,  10.0,  9.7,  9.4,  -2.8,  4.1,  10.6,  17.4,  23.8,  -34.4,  -26.7,  -16.6,  -8.3,  -16.7,  -26.7,  28.7,  37.3,  47.4,  55.6,  48.1,  38.2,  -15.7,  -5.4,  3.4,  10.4,  17.5,  27.7,  38.9,  27.8,  18.0,  10.2,  3.2,  -5.7,  -11.6,  3.7,  10.7,  18.1,  33.9,  17.6,  10.2,  3.3,  -57.4,  -34.7,  -12.8,  8.5,  26.3,  40.0,  48.8,  53.9,  54.7,  53.6,  47.7,  37.8,  22.8,  4.4,  -14.7,  -34.2,  -54.1,  -74.3,  -86.4,  -91.4,  -89.8,  -84.1,  -84.4,  -90.1,  -91.1,  -86.8,  -76.4,  -60.6,  -48.5,  -37.1,  -25.8,  -12.8,  -11.1,  -9.6,  -11.4,  -13.3,  -54.5,  -59.9,  -59.7,  -54.0,  -50.9,  -50.6,  -54.4,  -60.4,  -60.4,  -55.6,  -51.7,  -51.4,  13.9,  7.9,  4.9,  6.5,  4.7,  7.5,  12.4,  17.2,  18.6,  19.2,  19.0,  17.9,  13.5,  11.6,  12.0,  11.1,  12.4,  11.0,  11.6,  11.3,  424.1,  422.6,  421.1,  418.4,  411.0,  399.7,  385.2,  369.9,  365.5,  372.1,  386.1,  397.0,  401.0,  401.8,  402.6,  404.4,  408.3,  393.1,  387.5,  378.4,  368.8,  362.0,  359.0,  363.8,  370.6,  376.8,  383.0,  362.5,  354.7,  346.7,  339.0,  356.1,  353.5,  350.4,  351.4,  353.5,  381.6,  377.2,  374.7,  373.6,  374.1,  376.2,  371.1,  372.3,  372.9,  376.3,  371.9,  371.1,  365.8,  354.4,  349.6,  348.6,  348.9,  353.8,  364.8,  352.1,  345.6,  344.3,  345.4,  352.0,  362.9,  350.6,  349.7,  350.2,  361.0,  348.5,  347.1,  348.5, 0.04, 0.06, 0.13, 0.00, 0.00, 0.00, 0.00, 0.00, 0.00, 0.01, 0.00, 0.03, 0.00, 0.00, 0.12, 0.16, 0.16, 0.00, 0.00, 0.00, 1.00, 0.00, 0.00, 0.00, 0.00, 0.00, 0.00, 0.00, 0.00, 0.00, 0.00, 0.00, 0.00, 0.00, 0.00
6,  0,  0.167,  0.98,  1,  11.2,  -17.8,  359.8,  -0.020,  0.077,  -0.017,  243.8,  245.2,  248.5,  253.1,  261.2,  274.9,  292.3,  314.1,  339.9,  365.1,  387.2,  405.4,  417.4,  423.1,  425.6,  427.9,  429.3,  253.9,  263.0,  279.4,  298.0,  315.7,  351.7,  370.0,  388.6,  405.2,  414.7,  334.9,  334.7,  334.6,  334.6,  316.5,  326.3,  335.7,  345.5,  354.5,  274.9,  284.7,  298.2,  309.4,  298.0,  284.6,  359.3,  370.8,  384.5,  395.0,  385.7,  372.3,  298.6,  312.7,  325.4,  335.4,  345.9,  360.1,  374.3,  360.3,  346.7,  335.4,  325.0,  312.1,  304.2,  325.7,  335.8,  346.6,  367.9,  346.0,  335.3,  325.1,  172.6,  199.5,  225.7,  251.3,  273.3,  291.6,  305.1,  314.7,  316.8,  314.0,  303.7,  289.3,  269.9,  246.8,  222.8,  198.6,  174.5,  145.6,  128.4,  119.2,  118.2,  123.8,  122.5,  116.2,  117.2,  125.1,  140.5,  157.1,  172.6,  187.7,  203.5,  223.7,  225.9,  227.9,  225.5,  222.8,  169.1,  161.0,  160.9,  168.5,  172.8,  173.5,  167.7,  159.5,  159.6,  167.0,  171.4,  171.7,  260.7,  252.9,  248.8,  251.2,  248.6,  252.5,  258.8,  266.4,  269.0,  270.0,  269.6,  267.4,  260.4,  258.5,  259.1,  257.8,  258.9,  257.7,  258.7,  258.2,  -64.1,  -62.7,  -59.7,  -55.5,  -47.9,  -35.7,  -21.2,  -4.4,  14.4,  33.3,  51.5,  67.3,  77.5,  82.2,  84.3,  86.6,  88.6,  -51.4,  -43.7,  -30.4,  -16.1,  -3.1,  22.5,  36.0,  50.3,  63.5,  71.8,  10.7,  10.3,  10.0,  9.8,  -2.5,  4.4,  10.9,  17.8,  24.2,  -34.1,  -26.3,  -16.2,  -7.9,  -16.3,  -26.3,  28.9,  37.5,  47.6,  55.9,  48.4,  38.4,  -15.5,  -5.1,  3.7,  10.7,  17.9,  28.1,  39.3,  28.1,  18.3,  10.5,  3.4,  -5.5,  -11.4,  4.0,  11.0,  18.5,  34.3,  18.0,  10.5,  3.5,  -56.7,  -33.9,  -11.9,  9.4,  27.1,  41.0,  49.7,  54.9,  55.7,  54.6,  48.8,  38.8,  23.8,  5.4,  -13.7,  -33.2,  -53.1,  -73.5,  -85.6,  -90.4,  -88.8,  -83.1,  -83.3,  -89.0,  -90.1,  -85.7,  -75.5,  -59.5,  -47.3,  -35.8,  -24.5,  -11.5,  -9.9,  -8.4,  -10.1,  -12.0,  -53.6,  -58.9,  -58.7,  -52.8,  -49.8,  -49.5,  -53.2,  -59.3,  -59.3,  -54.4,  -50.5,  -50.2,  15.0,  9.1,  6.1,  7.7,  5.9,  8.8,  13.6,  18.4,  19.9,  20.5,  20.3,  19.1,  14.7,  12.8,  13.3,  12.3,  13.6,  12.2,  12.8,  12.6,  420.3,  418.9,  417.4,  414.8,  407.6,  396.6,  382.3,  367.2,  362.7,  369.2,  383.2,  394.1,  397.9,  398.6,  399.4,  401.2,  405.1,  389.2,  383.5,  374.2,  364.5,  357.7,  354.8,  359.7,  366.6,  373.0,  379.4,  358.7,  350.9,  342.9,  335.3,  352.7,  350.0,  346.9,  347.9,  350.0,  377.7,  373.2,  370.8,  369.7,  370.2,  372.3,  367.4,  368.6,  369.2,  372.7,  368.2,  367.4,  362.6,  351.2,  346.3,  345.3,  345.5,  350.5,  361.7,  349.0,  342.4,  341.1,  342.3,  348.9,  359.8,  347.4,  346.5,  347.0,  357.9,  345.2,  343.9,  345.2, 0.12, 0.16, 0.09, 0.00, 0.00, 0.00, 0.00, 0.00, 0.00, 0.01, 0.07, 0.01, 0.00, 0.00, 0.13, 0.22, 0.05, 0.00, 0.00, 0.00, 1.00, 0.00, 0.00, 0.00, 0.00, 0.00, 0.00, 0.00, 0.00, 0.00, 0.00, 0.00, 0.00, 0.00, 0.00
7,  0,  0.200,  0.98,  1,  11.7,  -17.0,  357.0,  -0.017,  0.074,  -0.017,  243.5,  245.0,  248.4,  253.1,  261.4,  275.3,  292.8,  314.7,  340.6,  365.9,  387.9,  406.2,  418.3,  424.1,  426.6,  429.0,  430.4,  253.8,  263.0,  279.5,  298.4,  316.3,  352.6,  371.1,  389.9,  406.5,  416.0,  335.7,  335.5,  335.4,  335.4,  317.0,  327.0,  336.5,  346.5,  355.6,  274.9,  284.9,  298.5,  309.8,  298.3,  284.8,  360.2,  371.9,  385.7,  396.3,  386.9,  373.3,  299.0,  313.3,  326.1,  336.3,  347.0,  361.3,  375.6,  361.6,  347.9,  336.3,  325.7,  312.7,  304.6,  326.4,  336.7,  347.7,  369.1,  347.1,  336.2,  325.9,  172.6,  199.8,  226.3,  252.1,  274.4,  292.9,  306.5,  316.4,  318.6,  315.7,  305.3,  290.8,  271.3,  248.0,  223.7,  199.2,  174.7,  145.7,  128.5,  119.2,  118.3,  123.9,  122.7,  116.3,  117.3,  125.3,  141.0,  157.5,  173.3,  188.6,  204.6,  224.9,  227.1,  229.2,  226.7,  224.0,  169.6,  161.4,  161.2,  169.1,  173.4,  174.1,  168.2,  159.9,  160.0,  167.5,  172.0,  172.3,  262.2,  254.3,  250.3,  252.6,  250.0,  253.9,  260.2,  267.9,  270.7,  271.7,  271.3,  269.0,  261.9,  260.0,  260.6,  259.2,  260.4,  259.2,  260.2,  259.7,  -63.7,  -62.3,  -59.3,  -55.0,  -47.4,  -35.2,  -20.7,  -3.9,  14.8,  33.7,  51.7,  67.5,  77.7,  82.5,  84.6,  86.9,  88.9,  -51.1,  -43.3,  -30.0,  -15.6,  -2.6,  22.9,  36.4,  50.8,  64.0,  72.3,  11.1,  10.8,  10.5,  10.2,  -2.1,  4.8,  11.4,  18.3,  24.7,  -33.8,  -26.0,  -15.8,  -7.4,  -15.9,  -26.0,  29.3,  37.9,  48.1,  56.5,  48.9,  38.9,  -15.1,  -4.7,  4.2,  11.2,  18.5,  28.7,  39.9,  28.8,  18.9,  11.1,  3.9,  -5.1,  -11.0,  4.4,  11.5,  19.1,  34.9,  18.6,  11.0,  4.0,  -56.2,  -33.4,  -11.4,  10.0,  27.8,  41.7,  50.5,  55.7,  56.6,  55.5,  49.7,  39.8,  24.7,  6.3,  -12.9,  -32.5,  -52.6,  -72.7,  -84.7,  -89.5,  -87.9,  -82.3,  -82.5,  -88.2,  -89.2,  -84.9,  -74.5,  -58.6,  -46.4,  -34.9,  -23.5,  -10.6,  -8.9,  -7.4,  -9.2,  -11.1,  -52.7,  -58.2,  -57.9,  -52.0,  -48.9,  -48.6,  -52.3,  -58.6,  -58.6,  -53.7,  -49.7,  -49.4,  16.0,  10.0,  7.1,  8.6,  6.9,  9.7,  14.5,  19.3,  20.8,  21.4,  21.2,  20.0,  15.6,  13.8,  14.2,  13.2,  14.5,  13.1,  13.8,  13.5,  416.7,  415.4,  414.1,  411.5,  404.4,  393.6,  379.5,  364.6,  360.2,  366.8,  380.7,  391.7,  395.4,  396.0,  396.8,  398.6,  402.5,  385.7,  379.9,  370.6,  361.0,  354.3,  351.5,  356.6,  363.6,  370.0,  376.5,  355.5,  347.7,  339.8,  332.2,  349.6,  347.0,  343.9,  344.9,  347.1,  374.4,  369.9,  367.5,  366.4,  367.0,  369.0,  364.3,  365.6,  366.3,  369.9,  365.3,  364.4,  359.8,  348.3,  343.4,  342.4,  342.7,  347.9,  359.1,  346.3,  339.6,  338.3,  339.4,  346.1,  356.9,  344.6,  343.7,  344.2,  355.3,  342.4,  341.0,  342.4, 0.21, 0.32, 0.02, 0.04, 0.00, 0.00, 0.00, 0.00, 0.00, 0.01, 0.07, 0.06, 0.00, 0.00, 0.07, 0.17, 0.00, 0.00, 0.00, 0.00, 1.00, 0.00, 0.00, 0.00, 0.00, 0.00, 0.00, 0.00, 0.00, 0.00, 0.00, 0.00, 0.00, 0.00, 0.00
8,  0,  0.233,  0.98,  1,  12.0,  -16.2,  354.1,  -0.013,  0.071,  -0.016,  243.3,  244.8,  248.4,  253.1,  261.3,  275.2,  292.7,  314.7,  340.8,  366.4,  388.6,  407.1,  419.4,  425.2,  427.8,  430.2,  431.6,  253.7,  263.0,  279.6,  298.6,  316.6,  353.8,  372.3,  391.2,  407.8,  417.3,  336.4,  336.3,  336.3,  336.4,  317.7,  327.8,  337.4,  347.4,  356.5,  275.1,  285.1,  298.9,  310.4,  298.8,  285.0,  361.1,  372.8,  386.8,  397.4,  388.0,  374.3,  299.5,  313.9,  326.8,  337.2,  347.9,  362.3,  376.5,  362.5,  348.8,  337.1,  326.4,  313.3,  305.2,  327.1,  337.5,  348.6,  370.0,  348.0,  337.0,  326.6,  172.7,  200.1,  226.8,  252.8,  275.2,  294.0,  307.9,  318.2,  320.6,  317.8,  307.2,  292.3,  272.4,  248.7,  224.2,  199.4,  174.7,  145.6,  128.4,  119.2,  118.3,  123.9,  122.7,  116.3,  117.3,  125.3,  141.0,  158.0,  173.9,  189.6,  205.8,  226.0,  228.3,  230.5,  228.0,  225.2,  169.9,  161.6,  161.5,  169.5,  173.8,  174.5,  168.7,  160.3,  160.4,  167.9,  172.5,  172.8,  263.5,  255.7,  251.7,  254.1,  251.4,  255.4,  261.6,  269.4,  272.2,  273.2,  272.8,  270.3,  263.2,  261.4,  262.1,  260.7,  261.8,  260.6,  261.7,  261.1,  -63.3,  -61.9,  -58.8,  -54.6,  -47.1,  -35.0,  -20.6,  -3.9,  14.9,  33.8,  51.9,  67.8,  78.1,  82.8,  85.0,  87.3,  89.2,  -50.7,  -42.9,  -29.6,  -15.3,  -2.4,  23.5,  37.0,  51.3,  64.4,  72.7,  11.6,  11.2,  11.0,  10.8,  -1.6,  5.4,  11.8,  18.7,  25.1,  -33.3,  -25.6,  -15.4,  -7.0,  -15.5,  -25.6,  29.7,  38.3,  48.5,  56.8,  49.3,  39.2,  -14.6,  -4.2,  4.6,  11.7,  19.0,  29.2,  40.3,  29.2,  19.4,  11.5,  4.3,  -4.6,  -10.5,  4.9,  11.9,  19.5,  35.3,  19.0,  11.5,  4.5,  -55.6,  -32.8,  -10.8,  10.4,  28.3,  42.2,  51.2,  56.7,  57.6,  56.7,  50.8,  40.7,  25.5,  6.8,  -12.5,  -32.1,  -52.2,  -72.1,  -84.0,  -88.7,  -87.0,  -81.4,  -81.7,  -87.4,  -88.4,  -84.1,  -74.0,  -57.8,  -45.5,  -34.0,  -22.5,  -9.7,  -8.0,  -6.5,  -8.2,  -10.2,  -52.0,  -57.4,  -57.2,  -51.2,  -48.1,  -47.9,  -51.5,  -57.8,  -57.9,  -52.9,  -48.9,  -48.6,  16.8,  10.8,  8.0,  9.6,  7.8,  10.6,  15.4,  20.2,  21.7,  22.3,  22.1,  20.8,  16.4,  14.6,  15.1,  14.2,  15.4,  14.0,  14.7,  14.3,  413.0,  411.7,  410.4,  408.0,  401.2,  390.7,  377.0,  362.2,  357.8,  364.3,  378.3,  389.3,  393.0,  393.5,  394.2,  395.9,  399.8,  382.1,  376.2,  367.0,  357.4,  350.8,  348.1,  353.2,  360.4,  366.9,  373.6,  352.3,  344.6,  336.6,  329.1,  346.7,  344.0,  340.9,  341.9,  344.1,  371.0,  366.4,  364.1,  363.1,  363.6,  365.7,  361.2,  362.5,  363.2,  366.9,  362.2,  361.4,  356.8,  345.4,  340.5,  339.6,  339.9,  345.1,  356.3,  343.6,  336.8,  335.5,  336.7,  343.2,  353.9,  341.8,  340.9,  341.4,  352.6,  339.6,  338.2,  339.6, 0.27, 0.31, 0.02, 0.04, 0.00, 0.00, 0.00, 0.00, 0.00, 0.00, 0.07, 0.06, 0.00, 0.00, 0.14, 0.23, 0.00, 0.00, 0.00, 0.00, 1.00, 0.00, 0.00, 0.00, 0.00, 0.00, 0.00, 0.00, 0.00, 0.00, 0.00, 0.00, 0.00, 0.00, 0.00
9,  0,  0.267,  0.98,  1,  12.4,  -15.5,  351.8,  -0.010,  0.071,  -0.016,  243.1,  244.7,  248.2,  253.1,  261.5,  275.6,  293.3,  315.6,  341.7,  367.3,  389.5,  408.0,  420.3,  426.2,  428.9,  431.4,  432.8,  253.6,  263.2,  280.0,  299.1,  317.2,  354.7,  373.4,  392.3,  409.0,  418.6,  337.2,  337.1,  337.1,  337.1,  318.2,  328.3,  338.0,  348.1,  357.4,  275.3,  285.4,  299.4,  310.9,  299.2,  285.3,  361.9,  373.7,  387.9,  398.6,  389.1,  375.3,  299.8,  314.4,  327.4,  337.8,  348.6,  363.0,  377.3,  363.3,  349.5,  337.8,  327.0,  313.7,  305.5,  327.7,  338.2,  349.3,  370.8,  348.8,  337.7,  327.1,  172.8,  200.6,  227.6,  254.0,  276.7,  295.6,  309.6,  319.8,  322.0,  319.0,  308.3,  293.4,  273.5,  249.8,  225.1,  200.3,  175.3,  145.6,  128.2,  119.0,  118.2,  124.0,  122.9,  116.5,  117.4,  125.5,  141.3,  158.4,  174.6,  190.4,  206.9,  227.1,  229.4,  231.6,  229.1,  226.3,  170.2,  161.9,  161.8,  170.0,  174.3,  175.0,  169.2,  160.7,  160.7,  168.4,  173.1,  173.4,  264.8,  257.0,  253.0,  255.4,  252.8,  256.7,  263.0,  270.9,  273.7,  274.8,  274.3,  271.8,  264.6,  262.8,  263.5,  262.1,  263.2,  262.1,  263.2,  262.6,  -63.1,  -61.7,  -58.6,  -54.3,  -46.7,  -34.4,  -20.0,  -3.2,  15.5,  34.2,  52.2,  68.1,  78.3,  83.0,  85.3,  87.6,  89.5,  -50.3,  -42.4,  -29.2,  -14.8,  -1.9,  24.0,  37.4,  51.7,  64.9,  73.1,  12.0,  11.7,  11.4,  11.2,  -1.2,  5.7,  12.2,  19.1,  25.5,  -32.9,  -25.1,  -14.9,  -6.6,  -15.0,  -25.2,  30.1,  38.7,  49.0,  57.3,  49.7,  39.7,  -14.3,  -3.9,  5.0,  12.0,  19.3,  29.5,  40.6,  29.6,  19.7,  11.9,  4.7,  -4.3,  -10.2,  5.2,  12.3,  19.9,  35.6,  19.4,  11.9,  4.8,  -55.1,  -32.2,  -10.1,  11.3,  29.3,  43.2,  52.2,  57.4,  58.3,  57.2,  51.4,  41.3,  26.1,  7.6,  -11.6,  -31.3,  -51.4,  -71.6,  -83.4,  -88.1,  -86.4,  -80.7,  -80.9,  -86.6,  -87.7,  -83.4,  -73.2,  -57.0,  -44.7,  -33.1,  -21.7,  -8.9,  -7.2,  -5.7,  -7.4,  -9.4,  -51.4,  -56.8,  -56.5,  -50.5,  -47.4,  -47.2,  -50.7,  -57.1,  -57.2,  -52.2,  -48.1,  -47.8,  17.6,  11.7,  8.8,  10.4,  8.6,  11.4,  16.3,  21.1,  22.6,  23.2,  23.0,  21.7,  17.3,  15.5,  15.9,  15.0,  16.2,  14.9,  15.6,  15.3,  410.4,  409.3,  408.1,  405.7,  398.8,  388.3,  374.6,  360.0,  355.6,  362.1,  376.0,  386.8,  390.4,  390.9,  391.5,  393.2,  397.0,  379.2,  373.3,  364.1,  354.6,  348.1,  345.4,  350.6,  357.6,  364.2,  370.9,  349.7,  342.1,  334.2,  326.8,  344.3,  341.7,  338.6,  339.6,  341.8,  368.3,  363.7,  361.3,  360.4,  360.9,  363.0,  358.6,  359.9,  360.6,  364.3,  359.7,  358.8,  354.6,  343.2,  338.3,  337.4,  337.7,  343.0,  354.2,  341.5,  334.7,  333.4,  334.5,  341.1,  351.7,  339.6,  338.7,  339.2,  350.4,  337.5,  336.1,  337.4, 0.29, 0.24, 0.04, 0.07, 0.00, 0.00, 0.00, 0.00, 0.00, 0.00, 0.00, 0.10, 0.00, 0.00, 0.10, 0.15, 0.03, 0.00, 1.00, 0.00, 1.00, 0.00, 0.00, 0.00, 0.00, 0.00, 0.00, 0.00, 0.00, 0.00, 0.00, 0.00, 0.00, 0.00, 0.00
10,  0,  0.300,  0.98,  1,  12.8,  -14.7,  348.8,  -0.006,  0.067,  -0.016,  242.9,  244.5,  248.1,  253.0,  261.3,  275.4,  293.1,  315.5,  342.1,  368.0,  390.5,  409.2,  421.5,  427.4,  430.0,  432.5,  433.9,  253.5,  263.0,  280.0,  299.3,  317.7,  355.4,  374.2,  393.3,  410.2,  419.7,  337.8,  337.8,  337.8,  337.9,  318.8,  329.0,  338.8,  349.0,  358.3,  275.5,  285.8,  299.8,  311.5,  299.7,  285.6,  362.6,  374.5,  388.7,  399.6,  390.0,  376.0,  300.4,  315.1,  328.2,  338.6,  349.5,  364.0,  378.3,  364.3,  350.5,  338.7,  327.9,  314.5,  306.2,  328.5,  339.0,  350.2,  371.8,  349.7,  338.5,  328.0,  173.3,  201.2,  228.2,  254.6,  277.3,  296.4,  310.6,  321.0,  323.4,  320.5,  309.7,  294.5,  274.3,  250.4,  225.7,  200.8,  175.8,  145.8,  128.4,  119.1,  118.3,  124.2,  123.1,  116.6,  117.5,  125.7,  141.6,  159.0,  175.4,  191.4,  208.0,  228.2,  230.6,  232.8,  230.3,  227.4,  170.7,  162.2,  162.2,  170.5,  174.9,  175.5,  169.8,  161.0,  161.1,  168.8,  173.7,  174.0,  266.2,  258.4,  254.3,  256.7,  254.0,  258.0,  264.2,  272.2,  275.1,  276.2,  275.7,  273.2,  265.9,  264.2,  264.9,  263.5,  264.5,  263.3,  264.4,  263.8,  -62.8,  -61.3,  -58.1,  -53.9,  -46.4,  -34.4,  -20.0,  -3.2,  15.6,  34.5,  52.7,  68.7,  78.9,  83.6,  85.8,  88.1,  90.0,  -50.0,  -42.1,  -28.9,  -14.5,  -1.6,  24.2,  37.6,  52.0,  65.1,  73.4,  12.4,  12.0,  11.8,  11.6,  -0.8,  6.1,  12.6,  19.5,  25.9,  -32.5,  -24.7,  -14.4,  -6.1,  -14.5,  -24.7,  30.3,  38.9,  49.1,  57.5,  49.9,  39.9,  -13.8,  -3.3,  5.5,  12.5,  19.8,  29.9,  41.0,  30.0,  20.2,  12.4,  5.2,  -3.7,  -9.6,  5.7,  12.8,  20.3,  36.0,  19.9,  12.3,  5.3,  -54.3,  -31.5,  -9.5,  11.7,  29.6,  43.5,  52.6,  58.0,  58.9,  57.9,  52.1,  41.9,  26.7,  8.1,  -11.2,  -30.7,  -50.8,  -70.8,  -82.5,  -87.1,  -85.4,  -79.7,  -79.9,  -85.6,  -86.8,  -82.6,  -72.5,  -56.1,  -43.8,  -32.2,  -20.7,  -8.0,  -6.4,  -4.8,  -6.5,  -8.5,  -50.6,  -56.0,  -55.7,  -49.6,  -46.6,  -46.3,  -49.9,  -56.3,  -56.4,  -51.4,  -47.3,  -47.0,  18.4,  12.5,  9.6,  11.2,  9.4,  12.2,  17.0,  21.8,  23.3,  23.9,  23.7,  22.4,  18.1,  16.3,  16.7,  15.8,  17.0,  15.6,  16.3,  15.9,  407.1,  405.9,  404.6,  402.3,  395.9,  385.8,  372.4,  357.7,  353.1,  359.6,  373.8,  384.9,  388.6,  389.0,  389.7,  391.3,  395.1,  375.8,  369.7,  360.4,  350.8,  344.2,  341.7,  347.0,  354.3,  361.2,  368.2,  346.3,  338.7,  330.8,  323.3,  341.1,  338.4,  335.4,  336.5,  338.7,  365.0,  360.3,  357.9,  357.0,  357.6,  359.6,  355.5,  356.8,  357.5,  361.4,  356.6,  355.7,  351.5,  340.0,  335.1,  334.2,  334.5,  339.9,  351.4,  338.4,  331.5,  330.3,  331.4,  338.0,  348.7,  336.5,  335.6,  336.1,  347.5,  334.3,  332.8,  334.2, 0.31, 0.09, 0.08, 0.07, 0.00, 0.00, 0.00, 0.00, 0.00, 0.00, 0.01, 0.12, 0.00, 0.00, 0.12, 0.22, 0.07, 0.00, 1.00, 0.00, 1.00, 0.00, 0.00, 0.00, 0.00, 0.00, 0.00, 0.00, 0.00, 0.00, 0.00, 0.00, 0.00, 0.00, 0.00
11,  0,  0.333,  0.98,  1,  13.1,  -14.1,  347.1,  -0.003,  0.068,  -0.017,  242.8,  244.4,  248.1,  253.0,  261.5,  275.7,  293.6,  316.2,  342.9,  368.9,  391.4,  410.1,  422.5,  428.4,  431.1,  433.6,  435.0,  253.5,  263.1,  280.2,  299.7,  318.2,  356.1,  375.0,  394.2,  411.2,  420.8,  338.5,  338.4,  338.5,  338.6,  319.4,  329.7,  339.5,  349.7,  359.0,  275.7,  286.0,  300.2,  311.9,  300.0,  285.9,  363.4,  375.4,  389.7,  400.5,  391.0,  377.0,  300.9,  315.6,  328.7,  339.3,  350.3,  364.8,  379.0,  365.1,  351.2,  339.4,  328.4,  315.0,  306.7,  329.0,  339.7,  351.0,  372.5,  350.5,  339.2,  328.5,  173.3,  201.5,  228.7,  255.3,  278.3,  297.6,  312.1,  322.7,  325.1,  322.1,  311.1,  295.7,  275.3,  251.1,  226.1,  200.8,  175.4,  146.1,  128.5,  119.2,  118.5,  124.5,  123.4,  116.8,  117.7,  125.7,  141.7,  159.4,  176.0,  192.2,  209.1,  229.2,  231.6,  233.9,  231.3,  228.4,  171.0,  162.6,  162.5,  170.9,  175.3,  176.0,  170.2,  161.4,  161.5,  169.2,  174.1,  174.4,  267.4,  259.6,  255.6,  258.0,  255.3,  259.3,  265.5,  273.5,  276.5,  277.5,  277.0,  274.5,  267.1,  265.4,  266.2,  264.7,  265.7,  264.6,  265.7,  265.1,  -62.5,  -61.0,  -57.9,  -53.6,  -46.1,  -34.0,  -19.6,  -2.7,  16.1,  35.0,  53.1,  69.0,  79.2,  83.9,  86.1,  88.3,  90.3,  -49.7,  -41.8,  -28.5,  -14.1,  -1.2,  24.6,  38.0,  52.3,  65.4,  73.7,  12.7,  12.4,  12.2,  12.0,  -0.4,  6.5,  13.0,  19.9,  26.3,  -32.1,  -24.3,  -14.1,  -5.8,  -14.2,  -24.4,  30.7,  39.3,  49.5,  57.9,  50.4,  40.3,  -13.4,  -3.0,  5.8,  12.9,  20.2,  30.3,  41.3,  30.4,  20.6,  12.7,  5.6,  -3.3,  -9.2,  6.1,  13.2,  20.8,  36.3,  20.3,  12.7,  5.7,  -54.0,  -31.1,  -9.1,  12.3,  30.2,  44.2,  53.4,  58.9,  59.8,  58.8,  52.9,  42.7,  27.3,  8.6,  -10.8,  -30.5,  -50.7,  -70.2,  -82.0,  -86.5,  -84.7,  -79.1,  -79.2,  -85.0,  -86.2,  -82.0,  -72.0,  -55.5,  -43.1,  -31.5,  -19.9,  -7.3,  -5.6,  -4.1,  -5.8,  -7.8,  -50.1,  -55.5,  -55.2,  -49.1,  -46.0,  -45.8,  -49.4,  -55.8,  -55.8,  -50.9,  -46.7,  -46.4,  19.2,  13.3,  10.4,  12.0,  10.2,  13.0,  17.8,  22.6,  24.1,  24.7,  24.5,  23.2,  18.8,  17.1,  17.5,  16.6,  17.8,  16.4,  17.1,  16.7,  404.8,  403.8,  402.7,  400.6,  394.0,  383.8,  370.4,  355.9,  351.5,  358.1,  372.1,  383.0,  386.6,  386.9,  387.4,  388.8,  392.4,  373.6,  367.6,  358.3,  348.8,  342.3,  339.9,  345.0,  352.2,  359.0,  365.8,  344.4,  337.0,  329.3,  322.0,  339.6,  337.0,  334.0,  335.0,  337.2,  362.9,  358.3,  355.9,  355.1,  355.6,  357.7,  353.5,  354.8,  355.6,  359.4,  354.8,  353.8,  349.7,  338.5,  333.8,  332.9,  333.2,  338.5,  349.7,  337.0,  330.3,  329.0,  330.1,  336.4,  346.9,  335.1,  334.2,  334.8,  345.8,  333.0,  331.5,  332.9, 0.32, 0.05, 0.14, 0.14, 0.00, 0.00, 0.00, 0.00, 0.00, 0.00, 0.01, 0.13, 0.00, 0.00, 0.07, 0.21, 0.12, 0.00, 1.00, 0.00, 1.00, 0.00, 0.00, 0.00, 0.00, 0.00, 0.00, 0.00, 0.00, 0.00, 0.00, 0.00, 0.00, 0.00, 0.00
12,  0,  0.367,  0.98,  1,  13.5,  -13.4,  345.1,  -0.003,  0.068,  -0.016,  242.7,  244.4,  248.2,  253.2,  261.7,  276.1,  294.0,  316.7,  343.5,  369.5,  392.2,  411.0,  423.4,  429.4,  432.1,  434.6,  436.1,  253.6,  263.3,  280.5,  300.1,  318.7,  356.9,  375.9,  395.3,  412.3,  421.9,  339.1,  339.0,  339.1,  339.2,  319.8,  330.2,  340.1,  350.5,  359.8,  275.9,  286.3,  300.6,  312.3,  300.4,  286.1,  364.1,  376.1,  390.6,  401.5,  391.9,  377.7,  301.1,  316.1,  329.4,  340.0,  351.0,  365.6,  380.2,  365.9,  351.9,  340.0,  329.1,  315.5,  307.0,  329.7,  340.3,  351.7,  373.6,  351.2,  339.9,  329.2,  173.6,  202.0,  229.6,  256.4,  279.5,  298.9,  313.5,  324.2,  326.6,  323.7,  312.7,  297.2,  276.7,  252.3,  227.1,  201.6,  176.1,  146.3,  128.7,  119.4,  118.7,  124.7,  123.6,  117.0,  117.9,  126.0,  142.1,  159.8,  176.6,  193.1,  210.1,  230.2,  232.7,  235.0,  232.3,  229.4,  171.5,  163.0,  163.0,  171.4,  175.9,  176.5,  170.7,  161.9,  162.0,  169.8,  174.7,  175.0,  268.4,  260.8,  256.8,  259.3,  256.6,  260.4,  266.4,  274.7,  277.6,  278.7,  278.2,  275.6,  268.2,  266.6,  267.4,  265.9,  266.7,  265.8,  266.9,  266.3,  -62.2,  -60.7,  -57.5,  -53.2,  -45.7,  -33.5,  -19.2,  -2.3,  16.4,  35.3,  53.4,  69.3,  79.5,  84.2,  86.3,  88.6,  90.6,  -49.3,  -41.4,  -28.2,  -13.8,  -0.9,  24.9,  38.3,  52.7,  65.8,  74.1,  13.1,  12.7,  12.5,  12.3,  -0.1,  6.9,  13.4,  20.3,  26.7,  -31.8,  -24.0,  -13.7,  -5.4,  -13.9,  -24.1,  31.0,  39.6,  49.9,  58.2,  50.7,  40.6,  -13.2,  -2.6,  6.2,  13.2,  20.5,  30.7,  41.9,  30.8,  21.0,  13.1,  6.0,  -3.0,  -9.0,  6.5,  13.5,  21.1,  36.9,  20.6,  13.1,  6.1,  -53.5,  -30.5,  -8.3,  13.1,  31.0,  45.0,  54.1,  59.6,  60.5,  59.6,  53.8,  43.6,  28.2,  9.5,  -9.9,  -29.7,  -49.9,  -69.6,  -81.3,  -85.9,  -84.1,  -78.4,  -78.5,  -84.3,  -85.5,  -81.3,  -71.2,  -54.9,  -42.4,  -30.7,  -19.1,  -6.6,  -4.9,  -3.3,  -5.1,  -7.1,  -49.4,  -54.8,  -54.5,  -48.4,  -45.3,  -45.1,  -48.7,  -55.1,  -55.2,  -50.2,  -46.0,  -45.7,  19.8,  14.0,  11.1,  12.8,  11.0,  13.7,  18.4,  23.2,  24.7,  25.3,  25.1,  23.8,  19.5,  17.8,  18.2,  17.3,  18.4,  17.1,  17.7,  17.4,  402.7,  401.7,  400.5,  398.3,  391.8,  381.6,  368.3,  353.8,  349.4,  356.0,  370.1,  381.0,  384.5,  384.7,  385.2,  386.6,  390.1,  371.3,  365.3,  356.0,  346.5,  340.0,  337.5,  342.7,  349.9,  356.7,  363.7,  342.2,  334.7,  327.0,  319.7,  337.5,  334.8,  331.7,  332.8,  335.0,  360.6,  356.0,  353.7,  352.9,  353.4,  355.4,  351.3,  352.6,  353.4,  357.2,  352.5,  351.6,  348.0,  336.7,  331.8,  330.9,  331.2,  336.6,  348.0,  335.0,  328.1,  326.8,  328.0,  334.5,  345.2,  333.1,  332.3,  332.8,  344.1,  330.9,  329.4,  330.8, 0.32, 0.02, 0.13, 0.11, 0.00, 0.00, 0.00, 0.00, 0.00, 0.04, 0.01, 0.15, 0.02, 0.00, 0.07, 0.24, 0.10, 0.00, 1.00, 0.00, 1.00, 0.00, 0.00, 0.00, 0.00, 0.00, 0.00, 0.00, 0.00, 0.00, 0.00, 0.00, 0.00, 0.00, 0.00
13,  0,  0.400,  0.98,  1,  13.8,  -12.9,  344.4,  -0.002,  0.069,  -0.017,  242.8,  244.5,  248.3,  253.3,  262.0,  276.6,  294.7,  317.5,  344.2,  370.1,  392.7,  411.5,  424.1,  430.2,  433.0,  435.6,  437.1,  253.8,  263.4,  280.7,  300.4,  319.1,  357.7,  376.8,  396.1,  413.1,  422.7,  339.7,  339.6,  339.7,  339.8,  320.4,  330.8,  340.7,  351.0,  360.4,  276.2,  286.6,  300.9,  312.6,  300.7,  286.4,  365.0,  376.9,  391.4,  402.3,  392.7,  378.6,  301.6,  316.6,  329.9,  340.5,  351.6,  366.2,  380.6,  366.5,  352.5,  340.6,  329.5,  316.0,  307.5,  330.2,  340.9,  352.3,  374.0,  351.8,  340.4,  329.6,  174.1,  202.7,  230.4,  257.4,  280.6,  300.1,  314.7,  325.3,  327.7,  324.6,  313.4,  297.9,  277.3,  252.9,  227.6,  201.9,  176.2,  147.0,  129.2,  119.8,  119.1,  125.0,  124.0,  117.4,  118.2,  126.3,  142.4,  160.3,  177.2,  193.7,  210.9,  231.0,  233.4,  235.8,  233.1,  230.1,  172.0,  163.4,  163.4,  171.9,  176.4,  177.0,  171.1,  162.2,  162.3,  170.1,  175.1,  175.4,  269.3,  261.7,  257.8,  260.2,  257.5,  261.3,  267.3,  275.6,  278.6,  279.7,  279.2,  276.6,  269.1,  267.6,  268.4,  266.9,  267.6,  266.8,  267.9,  267.3,  -62.0,  -60.5,  -57.3,  -53.0,  -45.3,  -33.1,  -18.6,  -1.8,  16.9,  35.6,  53.7,  69.6,  79.8,  84.6,  86.8,  89.1,  91.0,  -49.1,  -41.2,  -27.9,  -13.5,  -0.6,  25.4,  38.8,  53.1,  66.2,  74.5,  13.4,  13.1,  12.9,  12.6,  0.3,  7.2,  13.7,  20.6,  27.0,  -31.5,  -23.7,  -13.5,  -5.2,  -13.6,  -23.8,  31.5,  40.0,  50.3,  58.6,  51.1,  41.1,  -12.8,  -2.3,  6.6,  13.6,  20.9,  31.1,  42.1,  31.1,  21.3,  13.4,  6.2,  -2.7,  -8.6,  6.8,  13.9,  21.5,  37.1,  21.0,  13.4,  6.4,  -52.9,  -29.9,  -7.7,  13.8,  31.8,  45.8,  54.8,  60.2,  61.2,  60.1,  54.2,  44.0,  28.6,  9.9,  -9.6,  -29.3,  -49.6,  -68.9,  -80.8,  -85.4,  -83.6,  -78.0,  -78.2,  -83.9,  -85.0,  -80.8,  -70.8,  -54.4,  -42.0,  -30.2,  -18.6,  -6.1,  -4.4,  -2.8,  -4.6,  -6.6,  -48.9,  -54.4,  -54.1,  -48.0,  -44.9,  -44.7,  -48.3,  -54.7,  -54.8,  -49.8,  -45.6,  -45.3,  20.3,  14.6,  11.8,  13.4,  11.6,  14.3,  18.9,  23.8,  25.4,  25.9,  25.7,  24.5,  20.0,  18.4,  18.8,  17.9,  19.0,  17.7,  18.4,  18.1,  401.5,  400.7,  399.8,  397.6,  390.9,  380.6,  367.2,  353.0,  348.8,  355.4,  369.2,  379.9,  383.3,  383.5,  384.0,  385.3,  388.7,  370.4,  364.4,  355.2,  345.7,  339.3,  337.0,  342.0,  349.0,  355.6,  362.4,  341.5,  334.1,  326.5,  319.3,  336.8,  334.2,  331.2,  332.2,  334.4,  359.6,  355.1,  352.8,  352.0,  352.6,  354.6,  350.4,  351.7,  352.4,  356.2,  351.6,  350.7,  347.2,  336.2,  331.4,  330.5,  330.8,  336.1,  347.2,  334.7,  328.0,  326.6,  327.7,  334.0,  344.5,  332.7,  331.9,  332.4,  343.3,  330.6,  329.2,  330.5, 0.28, 0.00, 0.11, 0.07, 0.00, 0.00, 0.00, 0.00, 0.00, 0.04, 0.00, 0.11, 0.02, 0.00, 0.09, 0.25, 0.08, 0.00, 1.00, 0.00, 1.00, 0.00, 0.00, 0.00, 0.00, 0.00, 0.00, 0.00, 0.00, 0.00, 0.00, 0.00, 0.00, 0.00, 0.00
14,  0,  0.433,  0.98,  1,  14.1,  -12.5,  343.1,  -0.002,  0.070,  -0.017,  243.0,  244.7,  248.5,  253.6,  262.3,  276.8,  295.0,  317.7,  344.5,  370.5,  393.2,  412.2,  424.8,  431.0,  433.7,  436.3,  437.8,  253.9,  263.6,  281.0,  300.9,  319.7,  358.1,  377.3,  396.8,  414.0,  423.6,  340.2,  340.1,  340.2,  340.2,  320.7,  331.2,  341.1,  351.5,  360.9,  276.5,  286.9,  301.3,  313.2,  301.1,  286.7,  365.5,  377.5,  392.1,  403.1,  393.5,  379.2,  302.0,  317.1,  330.3,  341.0,  352.2,  366.8,  381.3,  367.1,  353.1,  341.1,  330.0,  316.4,  307.9,  330.6,  341.4,  352.8,  374.7,  352.3,  340.9,  330.1,  174.3,  203.1,  231.0,  258.1,  281.4,  300.9,  315.4,  326.1,  328.4,  325.5,  314.3,  298.8,  278.1,  253.5,  228.1,  202.3,  176.4,  147.3,  129.3,  119.9,  119.2,  125.3,  124.3,  117.6,  118.4,  126.6,  142.9,  160.7,  177.7,  194.2,  211.4,  231.6,  234.1,  236.4,  233.8,  230.8,  172.4,  163.7,  163.7,  172.4,  176.9,  177.5,  171.7,  162.7,  162.7,  170.7,  175.7,  176.1,  270.0,  262.5,  258.5,  261.0,  258.3,  262.1,  268.1,  276.4,  279.4,  280.5,  280.0,  277.3,  269.8,  268.3,  269.1,  267.7,  268.4,  267.6,  268.7,  268.1,  -61.6,  -60.1,  -57.0,  -52.6,  -45.0,  -32.7,  -18.3,  -1.6,  17.0,  35.8,  53.9,  69.8,  80.1,  84.9,  87.1,  89.4,  91.4,  -48.8,  -40.9,  -27.6,  -13.2,  -0.2,  25.6,  39.0,  53.4,  66.6,  74.8,  13.7,  13.4,  13.1,  12.9,  0.5,  7.4,  13.9,  20.8,  27.3,  -31.2,  -23.4,  -13.1,  -4.8,  -13.3,  -23.5,  31.8,  40.3,  50.6,  59.0,  51.5,  41.4,  -12.5,  -2.0,  6.8,  13.8,  21.2,  31.3,  42.4,  31.4,  21.6,  13.7,  6.5,  -2.4,  -8.3,  7.0,  14.1,  21.7,  37.4,  21.3,  13.7,  6.7,  -52.6,  -29.5,  -7.2,  14.3,  32.2,  46.2,  55.2,  60.6,  61.5,  60.6,  54.7,  44.5,  29.1,  10.3,  -9.2,  -29.0,  -49.3,  -68.4,  -80.4,  -84.9,  -83.1,  -77.5,  -77.6,  -83.3,  -84.5,  -80.3,  -70.2,  -53.9,  -41.5,  -29.8,  -18.2,  -5.6,  -3.9,  -2.3,  -4.1,  -6.1,  -48.5,  -54.0,  -53.6,  -47.4,  -44.3,  -44.2,  -47.6,  -54.2,  -54.3,  -49.2,  -45.0,  -44.7,  20.8,  15.0,  12.2,  13.8,  12.1,  14.8,  19.4,  24.3,  25.7,  26.3,  26.1,  24.8,  20.5,  18.8,  19.3,  18.3,  19.4,  18.2,  18.8,  18.5,  400.2,  399.3,  398.3,  396.1,  389.5,  379.3,  366.2,  351.9,  347.6,  354.2,  368.1,  378.8,  382.2,  382.4,  382.9,  384.3,  387.8,  369.1,  363.0,  353.7,  344.1,  337.7,  335.3,  340.3,  347.4,  354.2,  361.2,  340.0,  332.6,  324.9,  317.7,  335.4,  332.7,  329.7,  330.7,  332.9,  358.3,  353.7,  351.4,  350.6,  351.2,  353.2,  349.0,  350.2,  351.0,  354.8,  350.2,  349.3,  345.9,  334.7,  329.9,  329.1,  329.4,  334.7,  345.9,  333.3,  326.5,  325.2,  326.3,  332.6,  343.1,  331.2,  330.4,  330.9,  342.0,  329.2,  327.7,  329.0, 0.28, 0.03, 0.05, 0.01, 0.00, 0.00, 0.00, 0.00, 0.00, 0.04, 0.00, 0.13, 0.02, 0.00, 0.12, 0.28, 0.03, 0.00, 1.00, 0.00, 1.00, 0.00, 0.00, 0.00, 0.00, 0.00, 0.00, 0.00, 0.00, 0.00, 0.00, 0.00, 0.00, 0.00, 0.00
15,  0,  0.467,  0.98,  1,  14.4,  -12.1,  342.2,  -0.000,  0.070,  -0.016,  243.3,  244.9,  248.7,  253.8,  262.5,  277.1,  295.2,  317.9,  344.8,  371.0,  393.8,  412.8,  425.4,  431.6,  434.3,  437.0,  438.5,  254.3,  264.1,  281.6,  301.4,  320.2,  358.8,  378.0,  397.4,  414.6,  424.3,  340.7,  340.6,  340.7,  340.8,  321.1,  331.6,  341.6,  352.0,  361.5,  276.8,  287.3,  301.7,  313.5,  301.5,  287.1,  366.1,  378.2,  392.7,  403.7,  394.0,  379.8,  302.2,  317.4,  330.7,  341.5,  352.7,  367.3,  381.8,  367.6,  353.5,  341.4,  330.3,  316.7,  308.1,  331.0,  341.8,  353.4,  375.2,  352.8,  341.3,  330.4,  174.5,  203.4,  231.3,  258.5,  281.9,  301.6,  316.2,  327.1,  329.5,  326.4,  315.0,  299.2,  278.4,  253.7,  228.3,  202.6,  176.7,  147.4,  129.5,  120.2,  119.5,  125.6,  124.6,  117.9,  118.7,  126.9,  143.1,  161.0,  178.1,  194.8,  212.1,  232.2,  234.7,  237.1,  234.4,  231.4,  172.6,  164.1,  164.1,  172.6,  177.1,  177.7,  172.0,  163.0,  163.0,  170.9,  176.0,  176.3,  270.6,  263.0,  259.0,  261.6,  258.8,  262.7,  268.6,  277.0,  280.1,  281.2,  280.7,  278.0,  270.4,  269.0,  269.8,  268.3,  269.0,  268.1,  269.3,  268.6,  -61.3,  -59.8,  -56.6,  -52.3,  -44.7,  -32.5,  -18.2,  -1.5,  17.2,  36.0,  54.2,  70.2,  80.4,  85.2,  87.4,  89.7,  91.7,  -48.4,  -40.5,  -27.1,  -12.8,  0.2,  25.9,  39.3,  53.7,  66.8,  75.1,  14.0,  13.7,  13.4,  13.2,  0.8,  7.7,  14.2,  21.1,  27.5,  -30.9,  -23.1,  -12.8,  -4.5,  -13.0,  -23.2,  32.1,  40.6,  50.9,  59.2,  51.7,  41.7,  -12.3,  -1.8,  7.0,  14.1,  21.5,  31.6,  42.6,  31.6,  21.8,  13.9,  6.7,  -2.2,  -8.1,  7.3,  14.4,  22.0,  37.6,  21.5,  13.9,  6.8,  -52.3,  -29.2,  -6.9,  14.6,  32.6,  46.6,  55.7,  61.2,  62.1,  61.1,  55.1,  44.8,  29.3,  10.5,  -9.0,  -28.7,  -49.0,  -68.2,  -80.0,  -84.5,  -82.7,  -77.0,  -77.2,  -82.9,  -84.1,  -79.9,  -69.8,  -53.6,  -41.1,  -29.3,  -17.7,  -5.2,  -3.5,  -1.9,  -3.7,  -5.7,  -48.1,  -53.6,  -53.2,  -47.1,  -44.0,  -43.8,  -47.3,  -53.8,  -53.9,  -48.9,  -44.7,  -44.4,  21.1,  15.3,  12.5,  14.2,  12.4,  15.1,  19.8,  24.6,  26.1,  26.7,  26.5,  25.2,  20.8,  19.1,  19.6,  18.7,  19.8,  18.5,  19.2,  18.8,  399.1,  398.3,  397.4,  395.3,  388.7,  378.7,  365.5,  351.2,  347.0,  353.6,  367.5,  378.2,  381.5,  381.7,  382.1,  383.5,  387.0,  368.0,  361.9,  352.6,  343.1,  336.6,  334.3,  339.3,  346.5,  353.2,  360.2,  339.0,  331.6,  324.0,  316.8,  334.5,  331.8,  328.8,  329.8,  332.1,  357.3,  352.7,  350.3,  349.6,  350.1,  352.1,  348.0,  349.3,  350.0,  353.9,  349.3,  348.3,  345.0,  333.9,  329.1,  328.2,  328.5,  333.8,  345.0,  332.4,  325.7,  324.4,  325.5,  331.8,  342.2,  330.4,  329.6,  330.1,  341.1,  328.3,  326.8,  328.2, 0.18, 0.03, 0.06, 0.01, 0.00, 0.00, 0.00, 0.00, 0.00, 0.00, 0.00, 0.07, 0.00, 0.00, 0.25, 0.44, 0.03, 0.00, 1.00, 0.00, 1.00, 0.00, 0.00, 0.00, 0.00, 0.00, 0.00, 0.00, 0.00, 0.00, 0.00, 0.00, 0.00, 0.00, 0.00
16,  0,  0.500,  0.98,  1,  14.6,  -11.8,  341.9,  -0.001,  0.069,  -0.015,  243.6,  245.2,  249.0,  254.1,  262.8,  277.3,  295.4,  318.2,  345.1,  371.3,  394.0,  412.9,  425.6,  431.8,  434.6,  437.3,  438.8,  254.7,  264.6,  282.1,  301.8,  320.6,  359.4,  378.6,  398.0,  415.1,  424.8,  341.1,  341.0,  341.1,  341.2,  321.5,  332.0,  342.0,  352.4,  361.8,  277.2,  287.7,  302.1,  314.0,  301.9,  287.5,  366.3,  378.5,  393.1,  404.1,  394.4,  380.2,  302.5,  317.7,  331.0,  341.8,  353.0,  367.6,  382.1,  367.9,  353.8,  341.7,  330.6,  317.0,  308.4,  331.3,  342.1,  353.6,  375.5,  353.1,  341.6,  330.7,  174.7,  203.6,  231.6,  258.7,  282.2,  302.0,  316.8,  327.7,  330.1,  327.1,  315.8,  299.9,  279.0,  254.3,  228.8,  203.0,  177.0,  147.9,  130.1,  120.9,  120.2,  126.1,  125.0,  118.4,  119.3,  127.5,  143.7,  161.3,  178.4,  195.1,  212.5,  232.5,  235.0,  237.4,  234.7,  231.8,  173.0,  164.3,  164.4,  173.0,  177.4,  178.1,  172.3,  163.3,  163.3,  171.2,  176.3,  176.6,  270.8,  263.2,  259.3,  261.8,  259.1,  262.9,  268.9,  277.3,  280.4,  281.5,  281.0,  278.2,  270.6,  269.2,  270.0,  268.5,  269.2,  268.4,  269.6,  268.9,  -60.9,  -59.5,  -56.4,  -52.1,  -44.5,  -32.3,  -18.0,  -1.3,  17.4,  36.3,  54.4,  70.3,  80.5,  85.4,  87.6,  90.0,  92.0,  -48.0,  -40.0,  -26.7,  -12.5,  0.4,  26.3,  39.7,  54.0,  67.2,  75.5,  14.3,  13.9,  13.7,  13.4,  1.0,  7.9,  14.4,  21.3,  27.7,  -30.6,  -22.8,  -12.5,  -4.2,  -12.7,  -22.9,  32.2,  40.9,  51.1,  59.5,  52.0,  41.9,  -12.1,  -1.6,  7.3,  14.3,  21.7,  31.8,  42.8,  31.8,  22.0,  14.1,  6.9,  -2.0,  -7.9,  7.5,  14.5,  22.2,  37.8,  21.7,  14.1,  7.0,  -52.1,  -29.0,  -6.7,  14.8,  32.8,  46.9,  56.1,  61.6,  62.6,  61.6,  55.7,  45.3,  29.8,  10.9,  -8.6,  -28.4,  -48.8,  -67.8,  -79.5,  -83.9,  -82.1,  -76.6,  -76.8,  -82.4,  -83.6,  -79.4,  -69.4,  -53.3,  -40.8,  -29.0,  -17.4,  -5.0,  -3.3,  -1.7,  -3.5,  -5.5,  -47.9,  -53.3,  -53.0,  -46.8,  -43.8,  -43.6,  -47.1,  -53.6,  -53.7,  -48.6,  -44.5,  -44.1,  21.2,  15.5,  12.7,  14.3,  12.5,  15.3,  19.9,  24.8,  26.3,  26.9,  26.6,  25.3,  20.9,  19.3,  19.7,  18.8,  19.9,  18.6,  19.3,  18.9,  398.9,  398.0,  397.0,  394.8,  388.4,  378.6,  365.5,  351.2,  347.0,  353.5,  367.5,  378.2,  381.5,  381.8,  382.3,  383.7,  387.1,  367.7,  361.6,  352.3,  342.8,  336.3,  333.9,  339.0,  346.3,  353.2,  360.3,  338.7,  331.2,  323.5,  316.2,  334.1,  331.3,  328.3,  329.4,  331.7,  357.1,  352.5,  350.1,  349.3,  349.8,  351.8,  347.8,  349.1,  349.8,  353.7,  349.0,  348.1,  344.8,  333.6,  328.7,  327.8,  328.1,  333.5,  344.7,  332.0,  325.3,  324.0,  325.1,  331.5,  342.0,  330.1,  329.2,  329.7,  340.9,  327.9,  326.5,  327.8, 0.13, 0.03, 0.05, 0.01, 0.00, 0.00, 0.00, 0.00, 0.00, 0.00, 0.00, 0.07, 0.00, 0.00, 0.32, 0.50, 0.00, 0.00, 1.00, 0.00, 1.00, 0.00, 0.00, 0.00, 0.00, 0.00, 0.00, 0.00, 0.00, 0.00, 0.00, 0.00, 0.00, 0.00, 0.00
17,  0,  0.533,  0.98,  1,  14.8,  -11.7,  341.9,  -0.001,  0.070,  -0.015,  244.0,  245.6,  249.4,  254.4,  263.1,  277.6,  295.7,  318.5,  345.4,  371.5,  394.2,  413.1,  425.7,  432.0,  434.8,  437.5,  439.0,  255.0,  265.1,  282.5,  302.2,  320.9,  359.7,  378.8,  398.3,  415.4,  425.1,  341.4,  341.4,  341.5,  341.6,  321.8,  332.3,  342.3,  352.7,  362.2,  277.6,  288.1,  302.5,  314.4,  302.3,  287.9,  366.6,  378.8,  393.4,  404.4,  394.7,  380.4,  302.7,  317.9,  331.3,  342.1,  353.3,  367.9,  382.4,  368.2,  354.1,  342.0,  330.9,  317.2,  308.6,  331.6,  342.4,  353.9,  375.8,  353.3,  341.9,  331.0,  174.9,  203.7,  231.7,  258.8,  282.3,  302.1,  317.1,  328.0,  330.5,  327.4,  316.1,  300.2,  279.3,  254.5,  229.0,  203.1,  177.1,  147.7,  130.1,  121.0,  120.3,  126.3,  125.2,  118.6,  119.4,  127.7,  143.8,  161.5,  178.6,  195.4,  212.7,  232.7,  235.2,  237.6,  234.9,  232.0,  173.1,  164.5,  164.5,  173.2,  177.6,  178.2,  172.5,  163.4,  163.5,  171.4,  176.5,  176.8,  270.9,  263.4,  259.5,  262.0,  259.3,  263.1,  269.0,  277.5,  280.6,  281.6,  281.1,  278.4,  270.8,  269.3,  270.1,  268.6,  269.4,  268.6,  269.7,  269.1,  -60.6,  -59.2,  -56.0,  -51.8,  -44.2,  -32.1,  -17.7,  -1.0,  17.6,  36.4,  54.5,  70.4,  80.7,  85.5,  87.8,  90.1,  92.1,  -47.8,  -39.7,  -26.4,  -12.2,  0.6,  26.5,  39.9,  54.2,  67.4,  75.8,  14.5,  14.2,  13.9,  13.6,  1.2,  8.1,  14.7,  21.6,  28.0,  -30.3,  -22.5,  -12.2,  -3.9,  -12.4,  -22.6,  32.4,  41.0,  51.3,  59.7,  52.1,  42.1,  -11.9,  -1.4,  7.4,  14.5,  21.8,  32.0,  43.1,  32.0,  22.2,  14.2,  7.1,  -1.9,  -7.8,  7.6,  14.7,  22.4,  38.1,  21.9,  14.3,  7.2,  -51.9,  -28.9,  -6.6,  14.9,  32.9,  47.1,  56.4,  61.8,  62.8,  61.8,  55.9,  45.5,  30.0,  11.1,  -8.4,  -28.3,  -48.7,  -67.8,  -79.4,  -83.8,  -82.0,  -76.5,  -76.6,  -82.3,  -83.5,  -79.4,  -69.3,  -53.2,  -40.7,  -28.9,  -17.2,  -4.9,  -3.2,  -1.6,  -3.3,  -5.3,  -47.8,  -53.2,  -52.9,  -46.7,  -43.7,  -43.5,  -47.0,  -53.5,  -53.6,  -48.5,  -44.4,  -44.0,  21.3,  15.6,  12.8,  14.4,  12.6,  15.4,  20.0,  24.9,  26.4,  27.0,  26.7,  25.4,  21.0,  19.3,  19.8,  18.9,  20.0,  18.7,  19.4,  19.0,  398.9,  398.0,  396.9,  394.8,  388.4,  378.7,  365.7,  351.3,  347.0,  353.5,  367.4,  378.2,  381.5,  381.8,  382.3,  383.6,  387.1,  367.6,  361.4,  352.2,  342.7,  336.2,  333.8,  339.0,  346.3,  353.2,  360.4,  338.6,  331.2,  323.4,  316.2,  334.0,  331.3,  328.3,  329.4,  331.7,  357.1,  352.5,  350.1,  349.3,  349.8,  351.8,  347.8,  349.1,  349.9,  353.7,  349.0,  348.1,  345.0,  333.6,  328.7,  327.8,  328.1,  333.5,  344.8,  332.0,  325.1,  323.9,  325.0,  331.5,  342.1,  330.1,  329.2,  329.7,  341.0,  327.8,  326.4,  327.8, 0.08, 0.00, 0.05, 0.00, 0.00, 0.00, 0.00, 0.00, 0.00, 0.00, 0.03, 0.13, 0.00, 0.00, 0.32, 0.52, 0.00, 0.00, 1.00, 0.00, 1.00, 0.00, 0.00, 0.00, 0.00, 0.00, 0.00, 0.00, 0.00, 0.00, 0.00, 0.00, 0.00, 0.00, 0.00
18,  0,  0.567,  0.98,  1,  15.0,  -11.8,  342.3,  -0.002,  0.071,  -0.015,  244.4,  246.1,  249.8,  254.9,  263.6,  278.2,  296.3,  319.0,  345.8,  371.8,  394.4,  413.3,  425.9,  432.2,  435.0,  437.7,  439.1,  255.4,  265.5,  282.9,  302.6,  321.2,  359.9,  379.1,  398.5,  415.6,  425.3,  341.7,  341.7,  341.8,  341.9,  322.1,  332.5,  342.6,  353.0,  362.5,  277.8,  288.3,  302.8,  314.6,  302.5,  288.1,  366.9,  379.1,  393.6,  404.6,  394.9,  380.7,  303.1,  318.3,  331.6,  342.3,  353.5,  368.2,  382.6,  368.4,  354.3,  342.3,  331.2,  317.5,  309.0,  331.9,  342.7,  354.2,  376.0,  353.6,  342.2,  331.3,  175.1,  203.9,  231.8,  259.0,  282.4,  302.2,  317.0,  327.9,  330.3,  327.3,  315.9,  300.1,  279.2,  254.5,  229.0,  203.1,  177.1,  147.7,  130.1,  121.0,  120.3,  126.3,  125.3,  118.7,  119.6,  127.8,  143.9,  161.5,  178.7,  195.5,  212.9,  232.7,  235.2,  237.6,  234.9,  232.0,  173.0,  164.5,  164.5,  173.1,  177.6,  178.2,  172.5,  163.4,  163.5,  171.4,  176.5,  176.8,  270.8,  263.2,  259.3,  261.8,  259.1,  262.9,  269.0,  277.4,  280.4,  281.5,  281.0,  278.2,  270.7,  269.2,  270.0,  268.5,  269.3,  268.4,  269.6,  268.9,  -60.4,  -58.9,  -55.8,  -51.5,  -43.9,  -31.7,  -17.4,  -0.7,  17.9,  36.7,  54.7,  70.6,  80.9,  85.7,  88.0,  90.3,  92.3,  -47.5,  -39.5,  -26.2,  -12.0,  0.8,  26.7,  40.1,  54.4,  67.6,  75.9,  14.7,  14.4,  14.1,  13.8,  1.4,  8.3,  14.9,  21.8,  28.2,  -30.2,  -22.4,  -12.1,  -3.8,  -12.3,  -22.5,  32.7,  41.3,  51.6,  59.9,  52.4,  42.3,  -11.7,  -1.2,  7.7,  14.7,  22.0,  32.2,  43.3,  32.2,  22.4,  14.4,  7.3,  -1.6,  -7.5,  7.9,  14.9,  22.6,  38.3,  22.1,  14.5,  7.4,  -51.9,  -28.8,  -6.5,  15.0,  33.0,  47.1,  56.4,  61.8,  62.7,  61.8,  55.9,  45.5,  30.0,  11.1,  -8.4,  -28.3,  -48.7,  -67.9,  -79.6,  -84.0,  -82.2,  -76.6,  -76.7,  -82.4,  -83.5,  -79.4,  -69.3,  -53.2,  -40.7,  -28.8,  -17.2,  -4.9,  -3.2,  -1.6,  -3.3,  -5.3,  -47.9,  -53.3,  -52.9,  -46.8,  -43.7,  -43.6,  -47.0,  -53.5,  -53.6,  -48.6,  -44.4,  -44.1,  21.3,  15.5,  12.7,  14.3,  12.6,  15.3,  20.0,  24.9,  26.3,  26.9,  26.7,  25.4,  21.0,  19.3,  19.8,  18.8,  20.0,  18.7,  19.3,  19.0,  399.4,  398.5,  397.5,  395.4,  389.0,  379.1,  366.0,  351.7,  347.3,  353.9,  367.8,  378.5,  381.9,  382.1,  382.5,  383.8,  387.2,  368.0,  361.9,  352.7,  343.3,  336.9,  334.4,  339.6,  346.8,  353.7,  360.7,  339.2,  331.7,  324.0,  316.8,  334.5,  331.8,  328.8,  329.9,  332.2,  357.5,  353.0,  350.6,  349.8,  350.3,  352.3,  348.3,  349.6,  350.4,  354.2,  349.5,  348.6,  345.4,  334.1,  329.2,  328.3,  328.6,  334.0,  345.3,  332.5,  325.6,  324.3,  325.5,  331.9,  342.6,  330.5,  329.6,  330.2,  341.5,  328.3,  326.9,  328.3, 0.08, 0.00, 0.02, 0.00, 0.00, 0.00, 0.00, 0.00, 0.00, 0.00, 0.03, 0.20, 0.00, 0.00, 0.25, 0.45, 0.00, 0.00, 0.00, 0.00, 1.00, 0.00, 0.00, 0.00, 0.00, 0.00, 0.00, 0.00, 0.00, 0.00, 0.00, 0.00, 0.00, 0.00, 0.00
19,  0,  0.600,  0.98,  1,  15.2,  -12.1,  343.7,  -0.008,  0.071,  -0.015,  244.7,  246.4,  250.3,  255.3,  264.1,  278.7,  296.6,  319.3,  345.8,  371.8,  394.4,  413.3,  426.0,  432.2,  435.0,  437.7,  439.1,  255.8,  265.9,  283.3,  303.0,  321.5,  360.0,  379.1,  398.4,  415.5,  425.2,  342.0,  341.9,  342.0,  342.1,  322.3,  332.8,  342.8,  353.2,  362.7,  278.2,  288.7,  303.1,  314.9,  302.8,  288.4,  367.1,  379.2,  393.7,  404.6,  395.0,  380.8,  303.5,  318.6,  332.0,  342.7,  353.8,  368.4,  382.8,  368.6,  354.6,  342.6,  331.5,  317.9,  309.4,  332.2,  343.0,  354.4,  376.2,  353.9,  342.5,  331.7,  175.2,  204.0,  231.9,  259.0,  282.4,  302.1,  316.8,  327.5,  329.8,  326.9,  315.6,  299.8,  279.0,  254.2,  228.7,  202.8,  176.8,  147.9,  130.2,  121.1,  120.5,  126.5,  125.5,  118.9,  119.7,  127.8,  144.0,  161.4,  178.5,  195.1,  212.4,  232.1,  234.7,  237.1,  234.4,  231.4,  172.9,  164.4,  164.4,  173.0,  177.4,  178.0,  172.3,  163.3,  163.4,  171.3,  176.3,  176.6,  270.2,  262.4,  258.5,  260.9,  258.2,  262.1,  268.2,  276.5,  279.4,  280.4,  280.0,  277.4,  270.0,  268.4,  269.1,  267.6,  268.5,  267.5,  268.6,  268.0,  -60.4,  -58.9,  -55.7,  -51.3,  -43.6,  -31.4,  -17.1,  -0.5,  18.0,  36.7,  54.8,  70.8,  81.2,  86.0,  88.3,  90.6,  92.5,  -47.5,  -39.4,  -26.0,  -11.8,  1.0,  26.9,  40.4,  54.7,  67.9,  76.2,  15.0,  14.6,  14.3,  14.1,  1.6,  8.5,  15.1,  22.0,  28.5,  -30.0,  -22.2,  -11.9,  -3.6,  -12.1,  -22.3,  33.0,  41.6,  51.9,  60.2,  52.7,  42.6,  -11.5,  -0.9,  7.9,  14.9,  22.3,  32.4,  43.5,  32.4,  22.6,  14.7,  7.5,  -1.4,  -7.3,  8.1,  15.2,  22.8,  38.5,  22.3,  14.7,  7.7,  -52.0,  -28.8,  -6.5,  15.1,  33.1,  47.2,  56.4,  61.7,  62.6,  61.7,  55.8,  45.4,  29.9,  10.9,  -8.7,  -28.7,  -49.1,  -68.1,  -79.8,  -84.3,  -82.5,  -77.0,  -77.1,  -82.8,  -83.9,  -79.7,  -69.6,  -53.6,  -41.1,  -29.2,  -17.6,  -5.3,  -3.6,  -1.9,  -3.7,  -5.8,  -48.2,  -53.7,  -53.3,  -47.1,  -44.1,  -43.9,  -47.4,  -53.9,  -54.0,  -48.9,  -44.8,  -44.4,  20.9,  15.0,  12.2,  13.8,  12.0,  14.8,  19.6,  24.4,  25.8,  26.3,  26.1,  24.9,  20.7,  18.8,  19.3,  18.3,  19.6,  18.1,  18.8,  18.4,  401.0,  400.1,  399.0,  396.7,  390.2,  380.1,  367.0,  352.7,  348.4,  354.9,  368.7,  379.5,  382.9,  383.1,  383.7,  385.0,  388.5,  369.7,  363.7,  354.6,  345.4,  339.1,  336.6,  341.7,  348.8,  355.4,  362.2,  341.1,  333.7,  326.0,  318.7,  336.2,  333.4,  330.4,  331.5,  333.8,  359.2,  354.7,  352.3,  351.5,  352.0,  354.0,  350.1,  351.4,  352.1,  355.9,  351.3,  350.3,  346.8,  335.5,  330.7,  329.8,  330.1,  335.5,  346.7,  333.8,  326.8,  325.5,  326.7,  333.1,  344.0,  331.9,  331.1,  331.6,  342.8,  329.7,  328.2,  329.6, 0.06, 0.00, 0.00, 0.00, 0.00, 0.00, 0.00, 0.00, 0.00, 0.00, 0.03, 0.16, 0.01, 0.00, 0.23, 0.39, 0.00, 0.00, 0.00, 0.00, 1.00, 0.00, 0.00, 0.00, 0.00, 0.00, 0.00, 0.00, 0.00, 0.00, 0.00, 0.00, 0.00, 0.00, 0.00
20,  0,  0.633,  0.98,  1,  15.2,  -12.5,  344.8,  -0.010,  0.073,  -0.014,  245.1,  246.8,  250.5,  255.5,  264.3,  278.8,  296.8,  319.4,  345.8,  371.7,  394.2,  413.1,  425.7,  432.0,  434.8,  437.5,  438.9,  256.1,  266.1,  283.5,  303.1,  321.6,  359.9,  378.9,  398.2,  415.4,  425.1,  342.0,  341.9,  341.9,  342.0,  322.3,  332.7,  342.7,  353.0,  362.5,  278.5,  289.0,  303.3,  315.1,  303.0,  288.7,  367.0,  379.1,  393.6,  404.5,  394.9,  380.7,  303.4,  318.4,  331.7,  342.4,  353.6,  368.1,  382.5,  368.3,  354.3,  342.2,  331.2,  317.7,  309.3,  332.0,  342.7,  354.2,  375.9,  353.6,  342.2,  331.4,  175.0,  203.6,  231.4,  258.4,  281.7,  301.2,  315.9,  326.5,  328.8,  325.9,  314.7,  299.0,  278.3,  253.6,  228.1,  202.4,  176.5,  148.0,  130.4,  121.2,  120.6,  126.5,  125.5,  119.0,  119.8,  128.0,  144.1,  161.1,  177.9,  194.3,  211.3,  231.2,  233.7,  236.0,  233.4,  230.5,  172.6,  164.1,  164.1,  172.7,  177.1,  177.7,  172.1,  163.2,  163.2,  171.1,  176.1,  176.4,  269.1,  261.3,  257.3,  259.8,  257.2,  261.1,  267.4,  275.5,  278.4,  279.4,  278.9,  276.3,  268.9,  267.2,  268.0,  266.5,  267.6,  266.6,  267.7,  267.0,  -60.3,  -58.8,  -55.6,  -51.3,  -43.6,  -31.4,  -17.1,  -0.5,  18.1,  36.8,  54.9,  70.9,  81.2,  86.1,  88.4,  90.8,  92.8,  -47.5,  -39.4,  -26.0,  -11.7,  1.1,  27.0,  40.4,  54.8,  68.1,  76.5,  15.0,  14.6,  14.3,  14.1,  1.6,  8.5,  15.1,  22.0,  28.4,  -30.0,  -22.1,  -11.8,  -3.5,  -12.0,  -22.3,  33.0,  41.7,  52.0,  60.4,  52.8,  42.7,  -11.6,  -1.0,  7.8,  14.8,  22.2,  32.4,  43.5,  32.3,  22.5,  14.5,  7.3,  -1.6,  -7.4,  8.0,  15.1,  22.7,  38.5,  22.2,  14.6,  7.5,  -52.4,  -29.2,  -6.9,  14.6,  32.6,  46.7,  55.9,  61.2,  62.1,  61.1,  55.3,  44.9,  29.4,  10.5,  -9.2,  -29.1,  -49.5,  -68.3,  -80.1,  -84.6,  -82.9,  -77.3,  -77.4,  -83.0,  -84.1,  -80.0,  -69.7,  -54.0,  -41.6,  -29.9,  -18.4,  -5.9,  -4.2,  -2.6,  -4.4,  -6.4,  -48.6,  -54.1,  -53.7,  -47.5,  -44.5,  -44.3,  -47.7,  -54.2,  -54.3,  -49.2,  -45.1,  -44.7,  20.3,  14.3,  11.5,  13.1,  11.4,  14.2,  19.0,  23.8,  25.2,  25.7,  25.5,  24.3,  20.0,  18.1,  18.6,  17.7,  19.0,  17.6,  18.2,  17.9,  403.0,  401.8,  400.5,  398.1,  391.5,  381.5,  368.4,  354.0,  349.6,  356.0,  369.8,  380.6,  384.1,  384.4,  385.1,  386.6,  390.1,  371.4,  365.5,  356.3,  346.9,  340.5,  338.0,  343.1,  350.1,  356.9,  363.7,  342.4,  334.9,  327.1,  319.8,  337.3,  334.5,  331.5,  332.6,  334.9,  360.8,  356.3,  353.9,  353.0,  353.5,  355.5,  351.5,  352.7,  353.5,  357.2,  352.6,  351.6,  348.0,  336.6,  331.7,  330.8,  331.1,  336.4,  347.7,  334.8,  327.9,  326.6,  327.8,  334.3,  345.2,  332.9,  332.0,  332.6,  343.9,  330.7,  329.3,  330.7, 0.01, 0.00, 0.04, 0.00, 0.00, 0.00, 0.00, 0.00, 0.00, 0.00, 0.00, 0.08, 0.02, 0.00, 0.23, 0.33, 0.00, 0.00, 0.00, 0.00, 1.00, 0.00, 0.00, 0.00, 0.00, 0.00, 0.00, 0.00, 0.00, 0.00, 0.00, 0.00, 0.00, 0.00, 0.00
21,  0,  0.667,  0.98,  1,  15.3,  -13.1,  346.8,  -0.011,  0.071,  -0.016,  245.3,  247.0,  250.7,  255.6,  264.3,  278.8,  296.6,  319.1,  345.5,  371.3,  393.7,  412.6,  425.2,  431.4,  434.2,  436.8,  438.2,  256.4,  266.3,  283.6,  303.1,  321.6,  359.7,  378.6,  397.7,  414.7,  424.3,  341.9,  341.8,  341.9,  342.0,  322.4,  332.8,  342.7,  353.0,  362.4,  278.7,  289.1,  303.4,  315.1,  303.1,  288.8,  366.8,  378.7,  393.1,  403.9,  394.5,  380.4,  303.5,  318.6,  331.9,  342.5,  353.6,  368.0,  382.3,  368.2,  354.3,  342.3,  331.3,  317.8,  309.4,  332.1,  342.7,  354.2,  375.7,  353.6,  342.2,  331.5,  174.7,  203.3,  230.9,  257.7,  281.0,  300.4,  314.9,  325.4,  327.7,  324.7,  313.5,  297.8,  277.0,  252.3,  226.9,  201.3,  175.6,  148.0,  130.4,  121.3,  120.6,  126.5,  125.4,  119.0,  119.8,  127.8,  143.8,  160.8,  177.3,  193.5,  210.4,  230.3,  232.8,  235.1,  232.4,  229.5,  172.3,  163.7,  163.7,  172.3,  176.6,  177.3,  171.6,  162.6,  162.7,  170.5,  175.5,  175.8,  268.1,  260.2,  256.2,  258.7,  256.0,  259.9,  266.3,  274.4,  277.2,  278.2,  277.8,  275.2,  267.9,  266.0,  266.8,  265.4,  266.5,  265.5,  266.6,  266.0,  -60.4,  -58.9,  -55.7,  -51.5,  -43.8,  -31.6,  -17.3,  -0.6,  17.9,  36.7,  54.8,  70.9,  81.2,  86.1,  88.5,  90.8,  92.8,  -47.5,  -39.5,  -26.1,  -11.8,  1.1,  27.0,  40.5,  54.8,  68.0,  76.4,  15.1,  14.7,  14.4,  14.2,  1.6,  8.6,  15.2,  22.1,  28.6,  -30.0,  -22.1,  -11.8,  -3.5,  -12.0,  -22.3,  33.1,  41.7,  52.0,  60.4,  52.8,  42.7,  -11.5,  -1.0,  7.9,  14.9,  22.4,  32.5,  43.6,  32.5,  22.6,  14.7,  7.5,  -1.5,  -7.4,  8.1,  15.2,  22.9,  38.6,  22.3,  14.7,  7.7,  -52.8,  -29.7,  -7.3,  14.2,  32.2,  46.3,  55.5,  60.9,  61.7,  60.6,  54.6,  44.2,  28.6,  9.5,  -10.1,  -30.1,  -50.5,  -68.7,  -80.5,  -85.1,  -83.4,  -77.9,  -78.1,  -83.7,  -84.8,  -80.7,  -70.4,  -54.6,  -42.3,  -30.6,  -19.1,  -6.6,  -4.9,  -3.3,  -5.1,  -7.1,  -49.1,  -54.6,  -54.3,  -48.1,  -45.0,  -44.9,  -48.4,  -54.9,  -55.0,  -49.9,  -45.8,  -45.5,  19.7,  13.7,  10.8,  12.4,  10.6,  13.5,  18.4,  23.2,  24.6,  25.1,  24.9,  23.7,  19.4,  17.4,  17.9,  17.0,  18.3,  17.0,  17.6,  17.3,  404.7,  403.5,  402.2,  399.7,  393.2,  383.4,  370.5,  356.1,  351.6,  358.0,  371.7,  382.5,  386.1,  386.5,  387.2,  388.8,  392.5,  373.4,  367.5,  358.5,  349.3,  343.0,  340.6,  345.7,  352.7,  359.4,  366.0,  344.8,  337.2,  329.4,  322.1,  339.4,  336.7,  333.7,  334.8,  337.1,  362.7,  358.2,  356.0,  355.0,  355.5,  357.5,  353.8,  355.0,  355.8,  359.5,  354.9,  353.9,  350.0,  338.7,  333.8,  332.8,  333.2,  338.6,  349.9,  336.9,  329.9,  328.6,  329.8,  336.4,  347.3,  335.0,  334.1,  334.7,  346.0,  332.8,  331.3,  332.7, 0.00, 0.00, 0.12, 0.00, 0.00, 0.00, 0.00, 0.00, 0.00, 0.00, 0.00, 0.05, 0.02, 0.00, 0.20, 0.26, 0.00, 0.00, 0.00, 0.00, 1.00, 0.00, 0.00, 0.00, 0.00, 0.00, 0.00, 0.00, 0.00, 0.00, 0.00, 0.00, 0.00, 0.00, 0.00
22,  0,  0.700,  0.98,  1,  15.1,  -13.7,  348.4,  -0.013,  0.069,  -0.017,  245.5,  247.1,  250.8,  255.7,  264.3,  278.7,  296.6,  319.2,  345.5,  371.3,  393.6,  412.3,  424.7,  430.8,  433.5,  435.9,  437.1,  256.5,  266.5,  283.7,  303.1,  321.5,  359.1,  377.9,  396.9,  413.8,  423.5,  341.6,  341.6,  341.7,  341.9,  322.2,  332.6,  342.5,  352.8,  362.1,  278.6,  289.0,  303.2,  314.8,  302.9,  288.8,  366.3,  378.2,  392.5,  403.2,  393.8,  379.8,  303.3,  318.4,  331.7,  342.2,  353.3,  367.7,  382.0,  367.9,  354.0,  342.1,  331.1,  317.6,  309.1,  331.9,  342.5,  353.9,  375.5,  353.3,  342.0,  331.3,  174.6,  202.9,  230.3,  257.0,  280.1,  299.4,  313.9,  324.3,  326.5,  323.5,  312.4,  296.7,  276.2,  251.7,  226.4,  200.9,  175.3,  148.1,  130.7,  121.7,  121.0,  126.7,  125.6,  119.2,  120.0,  128.0,  143.8,  160.3,  176.8,  192.9,  209.6,  229.4,  231.8,  234.1,  231.5,  228.6,  171.9,  163.5,  163.4,  171.8,  176.1,  176.7,  171.0,  162.2,  162.3,  170.0,  174.8,  175.1,  267.0,  259.1,  255.1,  257.6,  254.9,  258.8,  265.1,  273.1,  276.0,  277.0,  276.6,  274.0,  266.8,  264.9,  265.6,  264.2,  265.3,  264.2,  265.3,  264.8,  -60.6,  -59.1,  -55.9,  -51.7,  -44.0,  -31.8,  -17.4,  -0.6,  18.0,  36.8,  55.0,  70.9,  81.3,  86.2,  88.4,  90.6,  92.4,  -47.6,  -39.5,  -26.1,  -11.8,  1.1,  26.8,  40.2,  54.6,  67.8,  76.2,  14.9,  14.6,  14.4,  14.1,  1.5,  8.5,  15.1,  22.0,  28.5,  -30.1,  -22.3,  -12.0,  -3.7,  -12.2,  -22.4,  32.9,  41.6,  51.9,  60.2,  52.6,  42.6,  -11.7,  -1.1,  7.8,  14.9,  22.3,  32.4,  43.6,  32.4,  22.5,  14.6,  7.4,  -1.6,  -7.6,  8.0,  15.1,  22.8,  38.6,  22.3,  14.6,  7.6,  -53.2,  -30.1,  -7.8,  13.7,  31.7,  45.8,  55.0,  60.2,  61.0,  60.0,  54.1,  43.6,  28.1,  9.1,  -10.6,  -30.6,  -51.0,  -69.0,  -80.7,  -85.3,  -83.6,  -78.1,  -78.4,  -84.0,  -85.1,  -81.0,  -70.8,  -55.2,  -42.8,  -31.2,  -19.6,  -7.2,  -5.5,  -3.9,  -5.7,  -7.7,  -49.6,  -55.1,  -54.8,  -48.7,  -45.7,  -45.5,  -49.1,  -55.5,  -55.6,  -50.6,  -46.5,  -46.2,  19.0,  13.0,  10.1,  11.8,  10.0,  12.8,  17.6,  22.4,  23.8,  24.4,  24.2,  23.0,  18.7,  16.7,  17.2,  16.3,  17.6,  16.2,  16.9,  16.5,  406.7,  405.5,  404.2,  401.8,  395.2,  385.2,  372.0,  357.3,  352.9,  359.5,  373.5,  384.5,  388.2,  388.7,  389.3,  390.8,  394.4,  375.2,  369.3,  360.3,  351.2,  344.9,  342.6,  347.8,  354.8,  361.4,  368.1,  346.4,  338.8,  330.9,  323.5,  340.9,  338.1,  335.1,  336.3,  338.6,  364.5,  360.1,  357.8,  356.9,  357.3,  359.3,  355.7,  357.0,  357.8,  361.4,  356.8,  355.8,  351.6,  340.2,  335.3,  334.3,  334.7,  340.2,  351.6,  338.5,  331.4,  330.0,  331.2,  337.9,  348.9,  336.5,  335.6,  336.2,  347.7,  334.2,  332.8,  334.2, 0.00, 0.00, 0.19, 0.00, 0.00, 0.00, 0.00, 0.00, 0.00, 0.00, 0.00, 0.05, 0.01, 0.00, 0.15, 0.14, 0.08, 0.00, 0.00, 0.00, 1.00, 0.00, 0.00, 0.00, 0.00, 0.00, 0.00, 0.00, 0.00, 0.00, 0.00, 0.00, 0.00, 0.00, 0.00
23,  0,  0.733,  0.98,  1,  15.0,  -14.2,  351.7,  -0.017,  0.068,  -0.017,  245.5,  247.2,  251.0,  255.7,  264.2,  278.6,  296.5,  318.8,  344.9,  370.5,  392.7,  411.4,  423.9,  430.0,  432.6,  434.9,  436.0,  256.4,  266.6,  284.0,  303.3,  321.7,  358.1,  376.8,  395.8,  412.8,  422.7,  341.1,  341.1,  341.2,  341.4,  321.9,  332.2,  342.0,  352.1,  361.4,  278.6,  288.9,  302.9,  314.4,  302.6,  288.7,  365.7,  377.5,  391.5,  402.2,  392.7,  379.0,  303.2,  318.1,  331.3,  341.8,  352.9,  367.1,  381.2,  367.3,  353.6,  341.7,  330.8,  317.4,  309.0,  331.6,  342.1,  353.5,  374.8,  352.9,  341.6,  331.0,  174.5,  202.6,  230.0,  256.4,  279.4,  298.5,  312.7,  322.8,  325.0,  322.0,  311.0,  295.6,  275.3,  251.1,  226.1,  200.9,  175.6,  149.3,  132.3,  123.7,  123.1,  128.7,  127.7,  121.5,  122.2,  129.8,  145.4,  160.5,  176.5,  192.2,  208.6,  228.3,  230.7,  232.9,  230.3,  227.5,  171.5,  163.2,  163.1,  171.4,  175.5,  176.2,  170.7,  161.9,  162.0,  169.7,  174.3,  174.6,  265.8,  257.8,  253.8,  256.2,  253.6,  257.5,  263.8,  271.6,  274.5,  275.5,  275.1,  272.6,  265.5,  263.4,  264.1,  262.7,  264.0,  262.7,  263.9,  263.3,  -61.2,  -59.6,  -56.4,  -52.2,  -44.5,  -32.2,  -17.6,  -0.8,  17.7,  36.6,  54.8,  70.9,  81.4,  86.4,  88.6,  90.7,  92.4,  -48.2,  -39.8,  -26.2,  -11.9,  1.2,  26.4,  40.0,  54.4,  67.9,  76.5,  14.8,  14.4,  14.2,  14.0,  1.3,  8.3,  14.9,  21.8,  28.3,  -30.5,  -22.6,  -12.3,  -4.0,  -12.5,  -22.7,  32.9,  41.5,  51.7,  60.1,  52.5,  42.5,  -12.0,  -1.3,  7.7,  14.7,  22.2,  32.4,  43.4,  32.3,  22.5,  14.5,  7.2,  -1.8,  -7.8,  7.9,  15.0,  22.7,  38.5,  22.2,  14.5,  7.4,  -53.8,  -30.7,  -8.2,  13.3,  31.4,  45.5,  54.6,  59.7,  60.5,  59.4,  53.5,  43.1,  27.7,  8.7,  -10.9,  -30.9,  -51.3,  -68.7,  -80.3,  -84.7,  -83.0,  -77.6,  -77.9,  -83.4,  -84.6,  -80.5,  -70.5,  -55.6,  -43.4,  -31.9,  -20.5,  -8.0,  -6.3,  -4.8,  -6.6,  -8.5,  -50.4,  -55.9,  -55.6,  -49.4,  -46.5,  -46.3,  -49.9,  -56.4,  -56.4,  -51.4,  -47.4,  -47.1,  18.3,  12.3,  9.4,  11.0,  9.2,  12.0,  16.9,  21.6,  23.1,  23.7,  23.5,  22.3,  18.0,  15.9,  16.4,  15.4,  16.8,  15.3,  16.0,  15.7,  410.8,  409.7,  408.4,  405.7,  399.0,  388.8,  375.4,  360.4,  355.7,  362.4,  376.6,  387.8,  391.9,  392.6,  393.3,  394.8,  398.3,  379.0,  372.8,  363.9,  354.9,  348.6,  346.8,  352.0,  358.9,  365.5,  372.4,  349.9,  342.1,  334.1,  326.6,  344.1,  341.1,  338.1,  339.3,  341.7,  368.0,  363.7,  361.5,  360.7,  360.9,  362.8,  359.7,  360.9,  361.8,  365.4,  360.8,  359.8,  354.9,  343.4,  338.5,  337.6,  338.0,  343.6,  354.8,  341.8,  334.7,  333.4,  334.6,  341.3,  352.2,  339.7,  338.8,  339.5,  351.0,  337.5,  336.0,  337.5, 0.00, 0.00, 0.23, 0.00, 0.00, 0.00, 0.00, 0.00, 0.00, 0.00, 0.05, 0.05, 0.05, 0.01, 0.12, 0.05, 0.08, 0.00, 0.00, 0.00, 1.00, 0.00, 0.00, 0.00, 0.00, 0.00, 0.00, 0.00, 0.00, 0.00, 0.00, 0.00, 0.00, 0.00, 0.00
24,  0,  0.767,  0.98,  1,  14.6,  -14.8,  354.7,  -0.020,  0.071,  -0.018,  245.4,  247.2,  251.0,  255.7,  264.2,  278.5,  296.5,  318.7,  344.7,  370.1,  392.2,  410.6,  423.0,  429.0,  431.6,  433.9,  434.9,  256.3,  266.5,  283.7,  302.9,  321.1,  356.9,  375.6,  394.4,  411.4,  421.4,  340.3,  340.3,  340.4,  340.5,  321.2,  331.3,  341.1,  351.2,  360.4,  278.5,  288.7,  302.5,  313.9,  302.3,  288.5,  364.9,  376.6,  390.5,  401.1,  391.7,  378.1,  302.7,  317.3,  330.5,  340.9,  352.0,  366.2,  380.3,  366.4,  352.8,  340.9,  330.0,  316.7,  308.5,  330.8,  341.3,  352.6,  373.8,  352.1,  340.8,  330.3,  174.7,  202.5,  229.6,  255.8,  278.6,  297.6,  311.5,  321.3,  323.2,  320.1,  309.3,  294.1,  274.1,  250.2,  225.5,  200.4,  175.3,  150.6,  133.8,  125.3,  124.7,  130.1,  129.2,  123.1,  123.7,  131.0,  146.3,  160.2,  176.0,  191.5,  207.6,  227.2,  229.4,  231.6,  229.1,  226.2,  171.1,  162.8,  162.6,  170.9,  174.9,  175.5,  170.1,  161.3,  161.4,  169.1,  173.6,  173.8,  264.6,  256.5,  252.4,  254.8,  252.1,  256.0,  262.6,  270.1,  272.9,  274.0,  273.6,  271.3,  264.3,  261.9,  262.6,  261.1,  262.7,  261.2,  262.4,  261.9,  -61.9,  -60.2,  -56.9,  -52.7,  -44.9,  -32.5,  -17.8,  -0.9,  17.7,  36.5,  54.8,  70.8,  81.4,  86.3,  88.5,  90.6,  92.3,  -48.7,  -40.3,  -26.7,  -12.3,  0.8,  25.9,  39.5,  53.9,  67.4,  76.1,  14.3,  14.0,  13.7,  13.5,  0.8,  7.8,  14.4,  21.4,  27.9,  -30.9,  -23.0,  -12.7,  -4.4,  -12.9,  -23.1,  32.6,  41.2,  51.4,  59.7,  52.2,  42.2,  -12.4,  -1.8,  7.2,  14.3,  21.8,  32.0,  43.1,  32.0,  22.1,  14.1,  6.8,  -2.3,  -8.2,  7.4,  14.5,  22.3,  38.1,  21.8,  14.1,  7.0,  -54.2,  -31.1,  -8.6,  12.9,  31.1,  45.2,  54.2,  59.0,  59.6,  58.5,  52.6,  42.3,  27.0,  8.1,  -11.5,  -31.5,  -52.0,  -68.4,  -79.9,  -84.3,  -82.7,  -77.4,  -77.8,  -83.2,  -84.3,  -80.4,  -70.3,  -56.3,  -44.2,  -32.7,  -21.3,  -8.9,  -7.3,  -5.7,  -7.5,  -9.5,  -51.2,  -56.7,  -56.5,  -50.3,  -47.5,  -47.2,  -50.8,  -57.3,  -57.3,  -52.3,  -48.4,  -48.1,  17.6,  11.4,  8.5,  10.1,  8.2,  11.1,  16.1,  20.8,  22.2,  22.9,  22.7,  21.6,  17.3,  15.0,  15.4,  14.5,  16.1,  14.4,  15.2,  14.9,  415.0,  413.8,  412.5,  409.7,  402.7,  392.4,  378.5,  363.1,  358.3,  365.0,  379.4,  390.7,  395.1,  396.0,  396.6,  397.9,  401.4,  382.7,  376.3,  367.5,  358.6,  352.3,  350.7,  355.7,  362.4,  368.6,  375.2,  353.0,  345.2,  337.1,  329.5,  347.1,  344.1,  341.0,  342.3,  344.6,  371.4,  367.3,  365.1,  364.1,  364.3,  366.3,  363.1,  364.2,  365.0,  368.5,  363.9,  363.0,  358.2,  346.5,  341.5,  340.5,  341.0,  346.5,  357.6,  344.8,  337.7,  336.4,  337.7,  344.5,  355.4,  342.6,  341.7,  342.4,  353.9,  340.4,  339.0,  340.5, 0.00, 0.00, 0.34, 0.00, 0.00, 0.00, 0.00, 0.00, 0.00, 0.00, 0.06, 0.02, 0.05, 0.05, 0.07, 0.00, 0.08, 0.00, 0.00, 0.00, 1.00, 0.00, 0.00, 0.00, 0.00, 0.00, 0.00, 0.00, 0.00, 0.00, 0.00, 0.00, 0.00, 0.00, 0.00
25,  0,  0.800,  0.98,  1,  14.2,  -15.5,  358.8,  -0.021,  0.072,  -0.020,  245.2,  247.2,  251.0,  255.6,  264.0,  278.3,  296.1,  318.1,  343.8,  369.2,  391.4,  409.8,  422.0,  427.9,  430.3,  432.4,  433.4,  256.1,  266.3,  283.6,  302.6,  320.8,  355.6,  374.3,  393.0,  410.0,  420.1,  339.4,  339.3,  339.4,  339.5,  320.3,  330.3,  340.1,  350.2,  359.3,  278.0,  288.1,  301.6,  312.7,  301.3,  287.9,  364.4,  375.8,  389.3,  399.7,  390.3,  377.2,  302.2,  316.7,  329.8,  340.1,  351.0,  365.1,  379.1,  365.4,  351.8,  340.0,  329.3,  316.1,  307.9,  330.0,  340.4,  351.7,  372.7,  351.1,  339.9,  329.5,  174.7,  202.2,  228.9,  254.8,  277.4,  296.1,  310.0,  319.7,  321.6,  318.3,  307.2,  292.0,  272.2,  248.7,  224.3,  199.6,  174.9,  151.8,  135.4,  127.2,  126.6,  131.8,  131.0,  125.2,  125.8,  132.8,  147.6,  159.9,  175.4,  190.7,  206.7,  225.6,  227.9,  230.1,  227.6,  224.7,  170.5,  162.5,  162.2,  170.0,  173.8,  174.6,  169.0,  160.8,  161.0,  168.4,  172.5,  172.5,  263.1,  255.0,  251.0,  253.3,  250.6,  254.4,  260.9,  268.3,  271.2,  272.3,  271.9,  269.8,  262.8,  260.3,  260.9,  259.4,  261.0,  259.4,  260.6,  260.2,  -62.8,  -61.0,  -57.7,  -53.5,  -45.7,  -33.1,  -18.3,  -1.4,  17.2,  36.3,  54.8,  70.8,  81.5,  86.3,  88.3,  90.3,  91.8,  -49.5,  -40.9,  -27.1,  -12.6,  0.6,  25.4,  39.2,  53.7,  67.1,  75.9,  13.9,  13.5,  13.2,  13.0,  0.2,  7.2,  13.8,  20.9,  27.4,  -31.6,  -23.7,  -13.6,  -5.4,  -13.8,  -23.8,  32.6,  41.1,  51.2,  59.4,  51.8,  42.0,  -12.9,  -2.3,  6.8,  13.8,  21.4,  31.7,  42.7,  31.7,  21.8,  13.6,  6.4,  -2.7,  -8.7,  7.0,  14.1,  22.0,  37.7,  21.5,  13.6,  6.6,  -54.8,  -31.7,  -9.2,  12.3,  30.5,  44.5,  53.5,  58.4,  59.0,  57.7,  51.5,  41.1,  25.7,  6.9,  -12.6,  -32.4,  -52.7,  -68.3,  -79.6,  -83.9,  -82.4,  -77.2,  -77.7,  -82.9,  -83.9,  -80.0,  -70.1,  -57.2,  -45.1,  -33.6,  -22.2,  -10.1,  -8.4,  -6.8,  -8.6,  -10.7,  -52.2,  -57.6,  -57.5,  -51.6,  -48.8,  -48.5,  -52.2,  -58.4,  -58.4,  -53.4,  -49.8,  -49.6,  16.8,  10.5,  7.6,  9.2,  7.3,  10.1,  15.1,  19.8,  21.3,  22.0,  21.9,  20.8,  16.4,  14.1,  14.5,  13.5,  15.1,  13.4,  14.2,  13.9,  419.7,  418.9,  417.9,  415.0,  407.6,  396.6,  382.2,  366.4,  361.7,  368.7,  383.3,  394.6,  399.3,  400.1,  400.3,  401.4,  404.7,  387.3,  380.5,  372.0,  363.2,  356.9,  356.1,  361.0,  367.3,  372.9,  379.2,  357.1,  349.3,  341.2,  333.5,  351.0,  347.9,  344.9,  346.2,  348.4,  375.6,  371.8,  369.7,  368.8,  368.8,  370.8,  367.8,  368.8,  369.6,  372.9,  368.6,  367.7,  362.4,  350.8,  345.9,  344.9,  345.4,  351.0,  361.8,  349.3,  342.2,  340.8,  342.1,  348.9,  359.7,  346.9,  346.0,  346.8,  358.2,  344.7,  343.2,  344.7, 0.00, 0.00, 0.41, 0.00, 0.00, 0.00, 0.04, 0.00, 0.00, 0.00, 0.06, 0.05, 0.05, 0.11, 0.09, 0.00, 0.01, 0.00, 0.00, 0.00, 1.00, 0.00, 0.00, 1.00, 0.00, 0.00, 0.00, 0.00, 0.00, 0.00, 0.00, 0.00, 0.00, 0.00, 1.00
26,  0,  0.833,  0.98,  1,  13.7,  -16.2,  362.2,  -0.022,  0.073,  -0.023,  244.9,  247.0,  250.8,  255.3,  263.7,  278.0,  295.8,  317.6,  343.2,  368.5,  390.5,  408.7,  421.0,  426.8,  429.1,  431.1,  431.9,  255.7,  265.9,  283.1,  301.9,  320.1,  354.0,  372.6,  391.3,  408.3,  418.4,  338.3,  338.3,  338.4,  338.5,  319.6,  329.5,  339.2,  349.2,  358.3,  277.6,  287.6,  301.0,  312.0,  300.7,  287.4,  363.0,  374.3,  387.6,  398.0,  388.7,  375.7,  301.4,  315.9,  329.0,  339.2,  350.1,  364.3,  378.3,  364.6,  351.0,  339.2,  328.6,  315.3,  307.1,  329.3,  339.6,  350.8,  371.9,  350.3,  339.1,  328.8,  174.8,  202.0,  228.6,  254.1,  276.5,  295.0,  308.6,  318.0,  319.7,  316.4,  305.4,  290.4,  270.8,  247.3,  223.1,  198.8,  174.3,  152.9,  136.7,  128.5,  127.9,  132.9,  132.1,  126.4,  126.9,  133.8,  148.4,  159.8,  174.8,  189.7,  205.2,  224.4,  226.6,  228.6,  226.1,  223.3,  170.2,  162.3,  161.9,  169.7,  173.4,  174.1,  168.7,  160.4,  160.6,  167.9,  171.9,  172.0,  261.7,  253.5,  249.5,  251.7,  249.0,  252.8,  259.3,  266.6,  269.5,  270.6,  270.3,  268.2,  261.4,  258.6,  259.2,  257.8,  259.4,  257.8,  259.0,  258.6,  -63.7,  -61.8,  -58.4,  -54.2,  -46.3,  -33.7,  -18.7,  -1.8,  16.9,  36.0,  54.5,  70.6,  81.3,  86.3,  88.2,  90.1,  91.5,  -50.3,  -41.6,  -27.7,  -13.3,  0.1,  24.4,  38.4,  52.9,  66.5,  75.4,  13.2,  12.9,  12.7,  12.5,  -0.3,  6.7,  13.3,  20.4,  26.9,  -32.2,  -24.3,  -14.2,  -6.0,  -14.4,  -24.4,  31.9,  40.4,  50.5,  58.7,  51.1,  41.3,  -13.6,  -2.9,  6.3,  13.4,  21.0,  31.4,  42.6,  31.4,  21.4,  13.2,  5.9,  -3.3,  -9.4,  6.5,  13.7,  21.6,  37.6,  21.1,  13.2,  6.1,  -55.3,  -32.1,  -9.6,  11.9,  30.0,  44.0,  52.9,  57.7,  58.2,  56.8,  50.6,  40.1,  24.8,  5.9,  -13.6,  -33.4,  -53.7,  -68.2,  -79.4,  -83.7,  -82.3,  -77.2,  -77.6,  -82.8,  -83.9,  -80.0,  -70.2,  -57.9,  -46.0,  -34.7,  -23.4,  -11.0,  -9.4,  -7.9,  -9.7,  -11.8,  -52.9,  -58.4,  -58.3,  -52.4,  -49.6,  -49.3,  -53.0,  -59.3,  -59.3,  -54.3,  -50.7,  -50.5,  15.9,  9.6,  6.6,  8.1,  6.3,  9.1,  14.1,  18.8,  20.4,  21.0,  20.9,  19.9,  15.6,  13.0,  13.4,  12.4,  14.1,  12.4,  13.2,  13.0,  424.2,  423.2,  421.9,  418.9,  411.3,  400.4,  385.9,  369.9,  364.9,  371.8,  386.5,  397.9,  402.8,  403.8,  404.2,  405.3,  408.7,  391.1,  384.2,  375.7,  366.9,  360.5,  359.8,  364.7,  371.0,  376.7,  383.1,  360.5,  352.6,  344.4,  336.6,  354.4,  351.1,  348.0,  349.3,  351.6,  379.3,  375.5,  373.4,  372.5,  372.4,  374.4,  371.5,  372.4,  373.2,  376.4,  372.1,  371.3,  366.2,  354.2,  349.1,  348.1,  348.6,  354.3,  365.3,  352.6,  345.4,  344.1,  345.5,  352.5,  363.5,  350.2,  349.2,  350.0,  361.7,  347.9,  346.5,  348.0, 0.00, 0.00, 0.46, 0.00, 0.00, 0.00, 0.09, 0.00, 0.00, 0.00, 0.11, 0.09, 0.00, 0.17, 0.07, 0.00, 0.01, 0.00, 0.00, 0.00, 1.00, 0.00, 0.00, 1.00, 0.00, 0.00, 0.00, 0.00, 0.00, 0.00, 0.00, 0.00, 0.00, 0.00, 1.00
27,  0,  0.867,  0.98,  1,  13.0,  -17.1,  365.4,  -0.029,  0.073,  -0.022,  244.6,  246.7,  250.4,  254.9,  263.3,  277.5,  295.1,  316.7,  342.0,  367.1,  389.0,  407.1,  419.3,  425.2,  427.4,  429.4,  430.1,  255.5,  265.7,  282.8,  301.5,  319.5,  352.5,  371.0,  389.6,  406.5,  416.7,  337.2,  337.1,  337.1,  337.2,  318.3,  328.2,  337.8,  347.9,  356.9,  276.9,  286.8,  299.9,  310.8,  299.6,  286.6,  361.9,  373.0,  386.1,  396.4,  387.1,  374.3,  300.5,  314.7,  327.8,  337.9,  348.8,  362.8,  376.8,  363.1,  349.5,  337.9,  327.3,  314.2,  306.1,  328.0,  338.2,  349.4,  370.4,  348.9,  337.7,  327.5,  174.5,  201.6,  228.1,  253.5,  275.6,  293.9,  307.2,  316.4,  318.1,  314.8,  304.0,  289.1,  269.6,  246.4,  222.3,  198.1,  173.8,  152.9,  136.9,  128.9,  128.2,  133.0,  132.3,  126.7,  127.3,  134.1,  148.5,  159.1,  173.9,  188.5,  203.9,  222.9,  225.1,  227.1,  224.6,  221.8,  169.7,  162.0,  161.5,  169.0,  172.6,  173.4,  168.0,  160.0,  160.3,  167.4,  171.1,  171.2,  260.3,  251.9,  247.8,  250.0,  247.4,  251.2,  257.9,  265.1,  267.8,  268.9,  268.6,  266.6,  260.0,  256.9,  257.5,  256.1,  258.0,  256.2,  257.4,  257.0,  -64.5,  -62.6,  -59.3,  -55.0,  -47.0,  -34.3,  -19.3,  -2.5,  16.2,  35.3,  53.8,  69.8,  80.6,  85.5,  87.4,  89.3,  90.7,  -51.0,  -42.1,  -28.2,  -13.7,  -0.4,  23.6,  37.6,  52.2,  65.8,  74.7,  12.5,  12.2,  11.9,  11.7,  -1.2,  5.8,  12.5,  19.7,  26.2,  -33.0,  -25.2,  -15.2,  -6.9,  -15.3,  -25.2,  31.4,  39.9,  49.9,  58.0,  50.4,  40.7,  -14.4,  -3.8,  5.5,  12.6,  20.3,  30.6,  41.8,  30.7,  20.6,  12.4,  5.1,  -4.1,  -10.2,  5.7,  12.9,  20.8,  36.8,  20.3,  12.4,  5.3,  -56.1,  -32.8,  -10.2,  11.4,  29.6,  43.5,  52.3,  56.9,  57.4,  56.1,  49.9,  39.4,  24.0,  5.2,  -14.4,  -34.2,  -54.5,  -68.8,  -80.0,  -84.4,  -83.0,  -78.0,  -78.5,  -83.6,  -84.5,  -80.6,  -70.7,  -58.9,  -47.1,  -35.8,  -24.6,  -12.2,  -10.6,  -9.1,  -10.9,  -12.9,  -53.8,  -59.2,  -59.2,  -53.4,  -50.7,  -50.4,  -54.0,  -60.2,  -60.1,  -55.2,  -51.7,  -51.6,  15.0,  8.5,  5.5,  7.0,  5.2,  8.0,  13.2,  17.9,  19.4,  20.0,  19.9,  18.9,  14.7,  12.0,  12.3,  11.4,  13.2,  11.4,  12.2,  11.9,  428.0,  427.0,  425.8,  422.6,  414.8,  403.5,  388.7,  372.5,  367.6,  374.6,  389.3,  400.7,  405.6,  406.7,  407.0,  408.2,  411.7,  395.0,  388.1,  379.8,  371.1,  364.8,  364.3,  369.0,  375.1,  380.4,  386.5,  364.2,  356.3,  348.0,  340.2,  357.7,  354.4,  351.3,  352.6,  354.8,  382.9,  379.3,  377.3,  376.2,  376.2,  378.1,  375.2,  376.1,  376.9,  379.9,  375.7,  375.0,  369.4,  357.5,  352.4,  351.3,  352.0,  357.6,  368.4,  355.8,  348.6,  347.3,  348.6,  355.7,  366.7,  353.4,  352.4,  353.2,  364.9,  351.1,  349.7,  351.3, 0.00, 0.00, 0.41, 0.00, 0.00, 0.00, 0.23, 0.00, 0.00, 0.00, 0.17, 0.10, 0.00, 0.18, 0.11, 0.03, 0.01, 0.00, 0.00, 0.00, 1.00, 0.00, 0.00, 1.00, 0.00, 0.00, 0.00, 0.00, 0.00, 0.00, 0.00, 0.00, 0.00, 0.00, 1.00
28,  0,  0.900,  0.98,  1,  12.2,  -18.0,  368.1,  -0.035,  0.075,  -0.026,  244.1,  246.3,  250.0,  254.4,  262.7,  276.8,  294.3,  315.7,  341.2,  366.5,  388.6,  406.6,  418.7,  424.2,  426.2,  427.9,  428.5,  255.0,  265.0,  282.0,  300.6,  318.5,  350.5,  369.0,  387.5,  404.4,  414.5,  335.8,  335.7,  335.8,  336.0,  317.5,  327.2,  336.7,  346.6,  355.6,  276.3,  286.0,  298.8,  309.6,  298.7,  286.0,  360.3,  371.2,  384.1,  394.2,  385.0,  372.5,  299.8,  313.8,  326.8,  336.8,  347.7,  361.7,  375.6,  362.1,  348.5,  336.9,  326.4,  313.4,  305.4,  327.1,  337.2,  348.4,  369.4,  347.8,  336.7,  326.6,  174.9,  201.5,  227.7,  252.6,  274.4,  292.4,  305.4,  314.5,  316.2,  313.0,  302.2,  287.3,  267.9,  244.8,  221.1,  197.3,  173.5,  153.3,  137.3,  129.1,  128.2,  133.0,  132.2,  126.7,  127.2,  134.0,  148.4,  158.5,  172.9,  187.1,  202.0,  221.5,  223.5,  225.4,  222.9,  220.1,  169.4,  161.7,  161.2,  168.3,  171.9,  172.8,  167.3,  159.5,  159.8,  166.7,  170.3,  170.3,  258.8,  250.3,  246.2,  248.3,  245.7,  249.5,  256.3,  263.3,  266.0,  267.0,  266.8,  264.9,  258.4,  255.2,  255.8,  254.4,  256.4,  254.5,  255.7,  255.3,  -65.6,  -63.5,  -60.1,  -55.9,  -47.9,  -35.1,  -20.1,  -3.2,  15.6,  35.0,  53.7,  69.8,  80.5,  85.3,  87.0,  88.7,  90.0,  -51.8,  -43.1,  -29.2,  -14.6,  -1.1,  22.4,  36.5,  51.1,  64.8,  73.7,  11.6,  11.3,  11.1,  11.0,  -1.8,  5.2,  11.8,  18.9,  25.5,  -33.8,  -26.0,  -16.1,  -7.9,  -16.2,  -26.0,  30.5,  38.8,  48.7,  56.8,  49.2,  39.7,  -15.0,  -4.4,  4.8,  11.9,  19.6,  30.0,  41.2,  30.1,  20.0,  11.8,  4.5,  -4.7,  -10.8,  5.1,  12.2,  20.2,  36.3,  19.7,  11.8,  4.7,  -56.3,  -33.2,  -10.6,  10.8,  28.8,  42.5,  51.2,  55.8,  56.4,  55.0,  48.7,  38.1,  22.8,  3.9,  -15.5,  -35.1,  -55.1,  -69.1,  -80.4,  -85.0,  -83.7,  -78.8,  -79.3,  -84.4,  -85.4,  -81.3,  -71.5,  -59.9,  -48.2,  -37.1,  -26.1,  -13.4,  -11.8,  -10.3,  -12.1,  -14.2,  -54.5,  -59.9,  -60.0,  -54.4,  -51.7,  -51.3,  -55.1,  -61.1,  -61.0,  -56.2,  -52.8,  -52.7,  14.0,  7.4,  4.4,  5.9,  4.1,  6.9,  12.1,  16.7,  18.2,  18.9,  18.8,  17.8,  13.6,  10.8,  11.2,  10.2,  12.0,  10.2,  11.0,  10.8,  431.9,  430.7,  429.4,  426.1,  417.8,  406.2,  391.1,  374.6,  369.6,  376.6,  391.5,  403.0,  408.1,  409.4,  409.8,  411.1,  414.7,  398.5,  391.6,  383.2,  374.5,  368.1,  367.7,  372.4,  378.5,  383.8,  390.0,  367.3,  359.3,  350.9,  343.1,  360.6,  357.3,  354.1,  355.3,  357.5,  386.1,  382.5,  380.5,  379.5,  379.4,  381.3,  378.5,  379.3,  380.0,  382.9,  378.8,  378.2,  371.9,  360.0,  355.0,  353.8,  354.4,  360.0,  370.8,  358.4,  351.3,  349.9,  351.3,  358.4,  369.2,  355.8,  354.9,  355.7,  367.4,  353.7,  352.3,  353.8, 0.00, 0.00, 0.48, 0.00, 0.00, 0.00, 0.36, 0.00, 0.00, 0.00, 0.22, 0.12, 0.04, 0.21, 0.07, 0.03, 0.00, 0.00, 0.00, 0.00, 1.00, 0.00, 0.00, 1.00, 0.00, 0.00, 0.00, 0.00, 0.00, 0.00, 0.00, 0.00, 0.00, 0.00, 1.00
29,  0,  0.933,  0.98,  1,  11.4,  -18.9,  370.0,  -0.042,  0.075,  -0.026,  243.7,  245.8,  249.4,  253.8,  261.9,  275.7,  293.0,  314.3,  339.7,  365.1,  387.2,  405.3,  417.2,  422.7,  424.5,  426.3,  426.9,  254.5,  264.3,  281.1,  299.6,  317.3,  348.9,  367.3,  385.8,  402.7,  412.8,  334.3,  334.2,  334.2,  334.4,  316.1,  325.8,  335.2,  345.1,  354.0,  275.4,  285.1,  297.7,  308.5,  297.6,  285.1,  358.9,  369.8,  382.6,  392.7,  383.5,  371.1,  298.9,  312.7,  325.5,  335.4,  346.1,  360.1,  373.9,  360.4,  347.0,  335.5,  325.1,  312.3,  304.5,  325.8,  335.8,  346.8,  367.7,  346.3,  335.3,  325.3,  174.9,  201.2,  227.0,  251.6,  273.2,  290.9,  303.8,  312.7,  314.5,  311.3,  300.9,  286.2,  267.0,  244.0,  220.4,  196.7,  173.1,  153.4,  137.4,  129.2,  128.3,  132.9,  131.9,  126.4,  127.0,  133.7,  148.0,  157.7,  171.8,  185.8,  200.6,  220.0,  222.0,  223.9,  221.4,  218.7,  168.9,  161.3,  160.7,  167.6,  171.1,  172.1,  166.4,  158.7,  159.0,  165.8,  169.3,  169.4,  257.4,  248.7,  244.5,  246.6,  244.0,  247.9,  254.8,  261.6,  264.2,  265.3,  265.0,  263.3,  257.0,  253.5,  254.0,  252.6,  254.8,  252.8,  254.0,  253.7,  -66.3,  -64.3,  -60.9,  -56.7,  -48.8,  -36.2,  -21.3,  -4.3,  14.6,  34.1,  52.9,  69.1,  79.8,  84.6,  86.2,  87.9,  89.2,  -52.6,  -43.9,  -30.0,  -15.4,  -2.0,  21.4,  35.5,  50.1,  63.8,  72.8,  10.6,  10.3,  10.1,  9.9,  -2.8,  4.2,  10.8,  17.9,  24.4,  -34.7,  -26.9,  -17.1,  -8.8,  -17.1,  -26.8,  29.6,  38.0,  47.9,  56.0,  48.4,  38.9,  -15.8,  -5.3,  3.9,  10.9,  18.6,  29.0,  40.1,  29.1,  19.1,  10.9,  3.6,  -5.5,  -11.5,  4.1,  11.2,  19.2,  35.2,  18.7,  10.8,  3.8,  -56.6,  -33.6,  -11.2,  10.0,  27.9,  41.6,  50.1,  54.7,  55.3,  54.0,  47.9,  37.4,  22.2,  3.3,  -16.2,  -35.8,  -55.9,  -69.6,  -81.0,  -85.6,  -84.3,  -79.4,  -80.0,  -85.2,  -86.1,  -82.1,  -72.1,  -60.9,  -49.3,  -38.2,  -27.2,  -14.5,  -12.9,  -11.5,  -13.3,  -15.3,  -55.3,  -60.7,  -60.8,  -55.3,  -52.6,  -52.2,  -56.1,  -62.0,  -61.9,  -57.1,  -53.9,  -53.8,  13.0,  6.3,  3.2,  4.7,  2.9,  5.7,  11.0,  15.6,  17.1,  17.8,  17.7,  16.8,  12.6,  9.7,  10.0,  9.0,  10.9,  9.1,  9.9,  9.7,  434.4,  433.0,  431.5,  428.1,  420.0,  408.4,  393.0,  376.3,  371.2,  378.3,  393.4,  405.0,  410.4,  411.9,  412.4,  413.8,  417.4,  401.4,  394.5,  386.2,  377.4,  370.8,  370.3,  374.9,  381.0,  386.2,  392.2,  369.7,  361.5,  353.0,  345.0,  362.5,  359.2,  355.9,  357.3,  359.5,  388.9,  385.4,  383.3,  382.2,  382.2,  384.1,  380.9,  381.7,  382.4,  385.2,  381.1,  380.5,  373.7,  361.7,  356.7,  355.5,  356.1,  361.6,  372.3,  359.8,  352.8,  351.5,  352.9,  360.0,  370.9,  357.5,  356.5,  357.4,  368.9,  355.3,  353.9,  355.5, 0.00, 0.00, 0.53, 0.00, 0.00, 0.00, 0.43, 0.00, 0.00, 0.00, 0.17, 0.14, 0.08, 0.21, 0.04, 0.03, 0.00, 0.00, 0.00, 0.00, 1.00, 0.00, 0.00, 1.00, 0.00, 0.00, 0.00, 0.00, 0.00, 0.00, 0.00, 0.00, 0.00, 0.00, 1.00
30,  0,  0.967,  0.98,  1,  10.6,  -19.8,  372.1,  -0.046,  0.078,  -0.027,  243.2,  245.3,  248.8,  253.2,  261.2,  274.9,  292.1,  313.4,  338.8,  364.2,  386.3,  404.3,  416.2,  421.6,  423.4,  425.1,  425.7,  253.9,  263.8,  280.4,  298.7,  316.3,  347.6,  366.1,  384.5,  401.4,  411.5,  333.1,  333.0,  333.0,  333.1,  314.9,  324.6,  334.0,  343.8,  352.7,  274.6,  284.2,  296.7,  307.4,  296.6,  284.2,  357.8,  368.7,  381.3,  391.3,  382.1,  369.9,  297.8,  311.5,  324.2,  334.1,  344.8,  358.8,  372.7,  359.1,  345.7,  334.2,  323.9,  311.1,  303.3,  324.5,  334.5,  345.5,  366.5,  345.0,  334.0,  324.0,  174.7,  200.6,  226.1,  250.6,  272.0,  289.7,  302.5,  311.4,  313.1,  309.8,  299.4,  284.8,  265.7,  242.9,  219.3,  195.8,  172.3,  153.1,  137.2,  129.0,  128.1,  132.5,  131.5,  126.0,  126.6,  133.3,  147.6,  156.9,  170.9,  184.7,  199.2,  218.6,  220.6,  222.5,  220.0,  217.3,  168.3,  160.9,  160.2,  166.9,  170.4,  171.4,  165.5,  158.1,  158.4,  165.0,  168.4,  168.4,  256.1,  247.2,  243.0,  245.0,  242.5,  246.3,  253.4,  260.0,  262.5,  263.6,  263.4,  261.8,  255.6,  252.0,  252.4,  251.0,  253.3,  251.1,  252.3,  252.1,  -67.1,  -65.1,  -61.8,  -57.6,  -49.7,  -37.0,  -22.0,  -5.0,  14.0,  33.5,  52.3,  68.5,  79.2,  84.0,  85.6,  87.3,  88.6,  -53.4,  -44.7,  -30.8,  -16.2,  -2.7,  20.6,  34.8,  49.5,  63.2,  72.2,  9.8,  9.5,  9.2,  9.1,  -3.7,  3.3,  10.0,  17.1,  23.7,  -35.5,  -27.8,  -18.0,  -9.7,  -18.0,  -27.7,  29.0,  37.4,  47.2,  55.3,  47.6,  38.2,  -16.7,  -6.2,  3.0,  10.1,  17.8,  28.2,  39.5,  28.3,  18.2,  10.0,  2.7,  -6.4,  -12.4,  3.3,  10.4,  18.3,  34.5,  17.8,  10.0,  2.9,  -57.1,  -34.3,  -12.0,  9.1,  27.0,  40.8,  49.4,  53.9,  54.5,  53.0,  46.9,  36.4,  21.2,  2.4,  -17.1,  -36.7,  -56.8,  -70.3,  -81.7,  -86.3,  -85.1,  -80.3,  -81.0,  -86.1,  -87.0,  -82.9,  -72.9,  -61.9,  -50.3,  -39.3,  -28.3,  -15.6,  -14.0,  -12.6,  -14.4,  -16.4,  -56.1,  -61.4,  -61.6,  -56.3,  -53.5,  -53.1,  -57.1,  -62.9,  -62.8,  -58.1,  -54.9,  -54.8,  12.1,  5.2,  2.2,  3.6,  1.8,  4.6,  10.0,  14.5,  16.0,  16.7,  16.6,  15.8,  11.7,  8.6,  8.9,  7.9,  9.9,  8.0,  8.8,  8.6,  437.1,  435.6,  434.1,  430.7,  422.3,  410.4,  394.9,  377.9,  372.7,  379.8,  394.8,  406.3,  411.8,  413.3,  413.9,  415.3,  419.0,  404.1,  397.3,  389.0,  380.3,  373.7,  373.0,  377.7,  383.5,  388.5,  394.4,  372.2,  364.0,  355.5,  347.5,  364.8,  361.5,  358.3,  359.6,  361.7,  391.5,  388.1,  386.0,  384.9,  384.7,  386.7,  383.4,  384.1,  384.7,  387.4,  383.4,  382.9,  376.0,  363.9,  358.9,  357.6,  358.2,  363.6,  374.3,  361.8,  354.8,  353.5,  354.9,  362.2,  373.2,  359.7,  358.6,  359.4,  371.0,  357.3,  355.9,  357.6, 0.00, 0.00, 0.50, 0.00, 0.00, 0.00, 0.49, 0.00, 0.00, 0.00, 0.16, 0.18, 0.11, 0.23, 0.00, 0.00, 0.00, 0.00, 0.00, 0.00, 1.00, 0.00, 0.00, 1.00, 0.00, 0.00, 0.00, 0.00, 0.00, 0.00, 0.00, 0.00, 0.00, 0.00, 1.00
31,  0,  1.000,  0.98,  1,  10.0,  -20.7,  374.0,  -0.051,  0.077,  -0.028,  242.7,  244.7,  248.3,  252.5,  260.5,  274.2,  291.6,  313.1,  338.5,  363.6,  385.5,  403.2,  415.0,  420.2,  422.0,  423.6,  424.2,  253.4,  263.1,  279.6,  297.8,  315.3,  346.5,  364.9,  383.2,  399.9,  410.1,  332.1,  332.1,  332.1,  332.2,  314.1,  323.7,  333.1,  342.9,  351.8,  274.0,  283.6,  296.0,  306.6,  295.9,  283.6,  356.7,  367.5,  380.0,  390.0,  380.8,  368.7,  297.0,  310.6,  323.4,  333.2,  343.9,  357.9,  371.8,  358.3,  344.8,  333.4,  323.1,  310.3,  302.5,  323.7,  333.7,  344.6,  365.6,  344.1,  333.2,  323.2,  174.3,  200.1,  225.5,  249.7,  270.9,  288.5,  301.0,  309.5,  311.1,  307.9,  297.8,  283.5,  264.6,  242.0,  218.6,  195.1,  171.8,  152.9,  137.0,  128.7,  127.7,  131.9,  130.9,  125.6,  126.3,  133.0,  147.2,  156.1,  169.9,  183.5,  197.9,  217.3,  219.2,  221.0,  218.6,  215.8,  167.7,  160.4,  159.6,  166.2,  169.6,  170.7,  164.8,  157.5,  157.9,  164.4,  167.6,  167.7,  254.8,  245.8,  241.5,  243.5,  240.9,  244.8,  252.0,  258.5,  260.9,  261.9,  261.8,  260.3,  254.3,  250.4,  250.8,  249.5,  251.9,  249.6,  250.8,  250.5,  -68.0,  -65.9,  -62.6,  -58.4,  -50.5,  -37.7,  -22.5,  -5.3,  13.8,  33.3,  52.0,  68.0,  78.6,  83.3,  84.9,  86.5,  87.8,  -54.1,  -45.5,  -31.6,  -17.0,  -3.5,  19.9,  34.1,  48.8,  62.5,  71.5,  9.1,  8.8,  8.6,  8.5,  -4.3,  2.7,  9.5,  16.6,  23.1,  -36.2,  -28.4,  -18.7,  -10.4,  -18.7,  -28.3,  28.3,  36.7,  46.4,  54.6,  46.9,  37.5,  -17.4,  -6.8,  2.4,  9.5,  17.2,  27.7,  39.0,  27.8,  17.7,  9.5,  2.2,  -7.0,  -13.1,  2.7,  9.8,  17.8,  34.0,  17.3,  9.4,  2.3,  -57.8,  -34.9,  -12.7,  8.4,  26.3,  40.0,  48.4,  52.7,  53.2,  51.8,  45.8,  35.5,  20.4,  1.7,  -17.8,  -37.5,  -57.5,  -70.8,  -82.3,  -87.1,  -86.0,  -81.3,  -81.9,  -87.0,  -87.8,  -83.6,  -73.7,  -62.8,  -51.3,  -40.4,  -29.4,  -16.6,  -15.1,  -13.7,  -15.5,  -17.6,  -56.9,  -62.2,  -62.4,  -57.2,  -54.4,  -53.9,  -58.0,  -63.7,  -63.6,  -58.9,  -55.8,  -55.7,  11.1,  4.2,  1.1,  2.5,  0.7,  3.5,  9.0,  13.4,  14.9,  15.6,  15.5,  14.8,  10.7,  7.5,  7.8,  6.8,  8.9,  6.9,  7.7,  7.6,  439.7,  438.0,  436.4,  432.8,  424.3,  412.3,  396.4,  379.2,  374.1,  381.3,  396.6,  408.4,  414.0,  415.6,  416.1,  417.5,  421.3,  406.5,  399.7,  391.5,  382.7,  376.0,  375.4,  380.2,  386.0,  391.0,  396.8,  374.4,  366.1,  357.6,  349.5,  366.8,  363.5,  360.2,  361.5,  363.7,  393.7,  390.3,  388.3,  387.1,  387.0,  388.9,  385.6,  386.4,  387.0,  389.7,  385.7,  385.1,  377.9,  365.7,  360.6,  359.4,  360.0,  365.4,  376.2,  363.5,  356.4,  355.0,  356.5,  363.9,  375.1,  361.4,  360.3,  361.1,  372.8,  359.0,  357.6,  359.3, 0.00, 0.00, 0.42, 0.00, 0.00, 0.00, 0.47, 0.00, 0.00, 0.00, 0.16, 0.23, 0.10, 0.20, 0.00, 0.00, 0.00, 0.00, 0.00, 0.00, 1.00, 0.00, 0.00, 1.00, 0.00, 0.00, 0.00, 0.00, 0.00, 0.00, 0.00, 0.00, 0.00, 0.00, 1.00
32,  0,  1.033,  0.98,  1,  9.4,  -21.5,  375.5,  -0.052,  0.079,  -0.029,  242.2,  244.3,  247.8,  252.1,  260.0,  273.7,  290.9,  312.2,  337.5,  362.8,  384.8,  402.6,  414.2,  419.4,  421.0,  422.6,  423.1,  253.0,  262.6,  278.9,  296.9,  314.3,  345.5,  363.7,  381.8,  398.4,  408.5,  331.2,  331.1,  331.0,  331.1,  313.3,  322.9,  332.2,  341.9,  350.7,  273.4,  282.9,  295.2,  305.7,  295.1,  282.9,  355.7,  366.4,  378.9,  388.9,  379.7,  367.6,  296.3,  309.8,  322.5,  332.3,  342.9,  356.8,  370.8,  357.2,  343.8,  332.4,  322.2,  309.5,  301.7,  322.9,  332.7,  343.6,  364.6,  343.1,  332.2,  322.3,  173.9,  199.6,  224.9,  249.1,  270.2,  287.5,  299.9,  308.4,  309.9,  306.6,  296.4,  282.0,  263.2,  240.6,  217.4,  194.2,  171.2,  152.2,  136.4,  128.1,  127.0,  131.3,  130.3,  125.0,  125.6,  132.2,  146.1,  155.5,  169.1,  182.5,  196.7,  216.3,  218.2,  220.0,  217.5,  214.8,  167.1,  159.8,  159.1,  165.5,  169.0,  170.0,  164.2,  157.0,  157.3,  163.8,  167.0,  167.0,  253.6,  244.6,  240.3,  242.3,  239.7,  243.6,  250.7,  257.2,  259.7,  260.7,  260.6,  259.1,  253.1,  249.3,  249.7,  248.3,  250.7,  248.4,  249.6,  249.3,  -68.7,  -66.6,  -63.3,  -59.0,  -51.1,  -38.3,  -23.1,  -5.9,  13.2,  32.7,  51.6,  67.6,  78.2,  82.8,  84.3,  85.9,  87.1,  -54.7,  -46.1,  -32.3,  -17.8,  -4.3,  19.3,  33.4,  47.9,  61.5,  70.4,  8.4,  8.2,  7.9,  7.8,  -4.9,  2.1,  8.8,  15.9,  22.4,  -36.8,  -29.1,  -19.4,  -11.1,  -19.3,  -28.9,  27.6,  36.0,  45.7,  53.9,  46.2,  36.8,  -18.0,  -7.5,  1.8,  8.9,  16.5,  27.0,  38.3,  27.2,  17.0,  8.9,  1.6,  -7.7,  -13.7,  2.1,  9.2,  17.1,  33.3,  16.6,  8.8,  1.7,  -58.3,  -35.5,  -13.3,  7.9,  25.7,  39.3,  47.7,  52.0,  52.5,  51.0,  44.8,  34.4,  19.2,  0.5,  -18.9,  -38.3,  -58.1,  -71.7,  -83.2,  -88.1,  -87.0,  -82.2,  -82.8,  -87.9,  -88.7,  -84.6,  -74.7,  -63.6,  -52.2,  -41.3,  -30.4,  -17.4,  -15.9,  -14.5,  -16.3,  -18.4,  -57.7,  -62.9,  -63.1,  -57.9,  -55.2,  -54.7,  -58.7,  -64.4,  -64.3,  -59.6,  -56.5,  -56.4,  10.3,  3.3,  0.2,  1.6,  -0.2,  2.6,  8.1,  12.6,  14.1,  14.8,  14.7,  14.0,  9.8,  6.7,  7.0,  6.0,  8.0,  6.0,  6.9,  6.7,  441.7,  439.9,  438.3,  434.6,  426.0,  413.8,  397.8,  380.6,  375.5,  382.7,  397.8,  409.5,  415.0,  416.6,  417.1,  418.7,  422.6,  408.3,  401.6,  393.4,  384.7,  378.0,  377.3,  382.0,  387.7,  392.4,  397.9,  376.2,  367.9,  359.3,  351.2,  368.4,  365.1,  361.8,  363.1,  365.2,  395.4,  392.0,  390.0,  388.8,  388.7,  390.6,  387.3,  387.9,  388.5,  391.1,  387.2,  386.7,  379.2,  367.1,  362.0,  360.8,  361.4,  366.8,  377.5,  364.9,  357.8,  356.4,  357.8,  365.2,  376.5,  362.8,  361.7,  362.5,  374.1,  360.4,  359.0,  360.7, 0.00, 0.00, 0.36, 0.00, 0.00, 0.00, 0.47, 0.00, 0.00, 0.00, 0.11, 0.29, 0.09, 0.20, 0.00, 0.00, 0.00, 0.00, 0.00, 0.00, 1.00, 0.00, 0.00, 1.00, 0.00, 0.00, 0.00, 0.00, 0.00, 0.00, 0.00, 0.00, 0.00, 0.00, 1.00
